text,gold_labels,generated
"John Wilkes Booth , who assassinated President Lincoln , was an actor .","[['John Wilkes Booth', 'Kill', 'President Lincoln']]","[['John Wilkes Booth', 'Kill', 'President Lincoln']]"
"The opera company performed at the Palace of Fine Arts , in San Francisco , on June 30 and July 1-2 , said Kevin O 'Brien , a spokesman for the theater.","[['Palace of Fine Arts', 'Located_In', 'San Francisco']]","[['Palace of Fine Arts', 'OrgBased_In', 'San Francisco'], ['Kevin O'Brien', 'Work_For', 'the Palace of Fine Arts'], ['Kevin O'Brien', 'Live_In', 'San Francisco']]"
"In the field of mechanics , Wang Ziqiang at the Institute of Mechanics has made considerable headway in the area of elastoplastic crack mechanics .","[['Wang Ziqiang', 'Work_For', 'Institute of Mechanics']]","[['Wang Ziqiang', 'Work_For', 'Institute of Mechanics']]"
"Sun Hung Kai Properties , a Hong Kong construction firm with a 27 percent share ;","[['Sun Hung Kai Properties', 'OrgBased_In', 'Hong Kong']]","[['Sun Hung Kai Properties', 'OrgBased_In', 'Hong Kong']]"
"Marie Magdefrau Ferraro , 50 , of Bethany , Conn. , was shot to death Thursday when two bandits armed with assault rifles emerged from nearby bushes and began firing at a van carrying a Connecticut Audubon Society wildlife wild tour group .","[['Marie Magdefrau Ferraro', 'Live_In', 'Bethany'], ['Marie Magdefrau Ferraro', 'Live_In', 'Conn.'], ['Bethany', 'Located_In', 'Conn.']]","[['Marie Magdefrau Ferraro', 'Live_In', 'Bethany'], ['Magdefrau Ferraro', 'Live_In', 'Conn.'], ['Bethany', 'Located_In', 'Conn.']]"
"Ten oil workers were missing off Morgan City , La. , after their rig capsized while heading inland Monday to escape the storm.","[['Morgan City', 'Located_In', 'La.']]","[['Morgan City', 'Located_In', 'La.']]"
"Lightning ignited a firestorm that charred 10 , 000 acres in central Idaho , including much of the small resort town of Lowman , about 70 miles northeast of Boise.","[['Lowman', 'Located_In', 'Idaho']]","[['Lotman', 'Located_In', 'Idaho']]"
""" It ( Arrow ) is not practical in the short term , "" says former Air Force commander Avihu Bin-Nun .","[['Avihu Bin-Nun', 'Work_For', 'Air Force']]","[['Avihu Bin-Nun', 'Work_For', 'Air Force']]"
"The three reactors , all at the Savannah River Plant , in Aiken , S.C. , have been shut down since last April undergoing changes to make them safer .","[['Savannah River Plant', 'Located_In', 'Aiken'], ['Savannah River Plant', 'Located_In', 'S.C.'], ['Aiken', 'Located_In', 'S.C.']]","[['Savana River Plant', 'OrgBased_In', 'Aiken'], ['Savana River Plant', 'OrgBased_In', 'S.C.'], ['Aiken', 'Located_In', 'S.C.']]"
"Composer Thomas is a native of Chisholm , Minn .","[['Thomas', 'Live_In', 'Chisholm'], ['Thomas', 'Live_In', 'Minn .'], ['Chisholm', 'Located_In', 'Minn .']]","[['Thomas', 'Live_In', 'Chisholm, Minn']]"
"Illinois Gov. James Thompson signed legislation last month scrapping Chicago 's central school board next July , to be replaced by parent-run councils empowered to set budgets and hire and fire principals .","[['James Thompson', 'Live_In', 'Illinois']]","[['James Thompson', 'Live_In', 'Illinois']]"
"During the 10-hour rescue , diver Brian Michaud of Millinocket hooked the men to harnesses , and rescuers dragged them to the surface with winches .","[['Brian Michaud', 'Live_In', 'Millinocket']]","[['Brian Michaud', 'Live_In', 'Millinocket']]"
The Warren Commission found Oswald acted alone in killing Kennedy .,"[['Oswald', 'Kill', 'Kennedy']]","[['Oswald', 'Kill', 'Kennedy']]"
( By Yang Jianbai ( 2799 1017 4101 ) of the Economic Research,"[['Yang Jianbai', 'Work_For', 'Economic Research']]","[['Yang Jianbai', 'Work_For', 'Economic Research']]"
"` ` He was going pretty fast , wasn 't he ? ' ' said Daniel Urquhart , 8 , of Aumsville , whose slug crept to the championship.","[['Daniel Urquhart', 'Live_In', 'Aumsville']]","[['Daniel Urquhart', 'Live_In', 'Aumsville']]"
"Kovacevic , a Serb , has come under fire from Serbian politicians and the republic 's press since the U.S. Congress last month passed two resolutions claiming there were human rights violations in the strife-torn southern province of Kosovo.","[['Congress', 'OrgBased_In', 'U.S.']]","[['Kovacevic', 'Live_In', 'Serbia']]"
"Martin Luther King III , a son of the slain civil rights leader , said the execution of King assassin James Earl Ray ` ` would not bring my father back. ' '","[['James Earl Ray', 'Kill', 'Martin Luther King III']]","[['James Earl Ray', 'Kill', 'Martin Luther King III']]"
"On this date : In 1833 , Benjamin Harrison , the 23rd President of the United States , was born in North Bend , Ohio .","[['Benjamin Harrison', 'Live_In', 'North Bend , Ohio']]","[['Benjamin Harrison', 'Live_In', 'North Bend, Ohio']]"
The book said Khrushchev 's order to ignore the blockade was disclosed in a largely unknown work by dissident Soviet historian Roy Medvedev .,"[['Khrushchev', 'Live_In', 'Soviet'], ['Roy Medvedev', 'Live_In', 'Soviet']]","[['Roy Medvedev', 'Live_In', 'Soviet']]"
"EDITOR 'S NOTE : Walter R. Mears , vice and columnist for The Associated Press , has reported on Washington and national politics for more than 25 years .","[['Walter R. Mears', 'Work_For', 'The Associated Press']]","[['Walter R. Mears', 'Work_For', 'The Associated Press']]"
"` ` The Germans just tunneled like rabbits , ' ' said Gerald Przenislawski , who operates La Valette Underground Military Museum.","[['Gerald Przenislawski', 'Work_For', 'La Valette Underground Military Museum.']]","[['Gerald Przenislawski', 'Work_For', 'La Valette Underground Military Museum']]"
"` ` With South Carolina being Jesse Jackson 's home state , there was a very strong incentive in the black community. ' '","[['Jesse Jackson', 'Live_In', 'South Carolina']]","[['Jesse Jackson', 'Live_In', 'South Carolina']]"
"Photo , Dueling Over a GunIt is a scene seared into the memories of Americans old enough to have watched it that November day in 1963 : Jack Ruby firing his .38-caliber Colt Cobra , above , at Lee Harvey Oswald , the man who had assassinated President John F. Kennedy two days earlier.","[['Jack Ruby', 'Kill', 'Lee Harvey Oswald']]","[['Lee Harvey Oswald', 'Kill', 'President John F. Kennedy']]"
"In a statement at the airport before his departure , Cetin said that Turkey welcomed this step taken by Bosnians and Croats and hoped that real peace comes to Bosnia-Herzegovina when Serbs join this process too .","[['Cetin', 'Live_In', 'Turkey']]","[['Cetin', 'Live_In', 'Turkey']]"
"On Friday , U.S. Ambassador Vernon A. Walters displayed photographs of one Libyan jet showing shapes resembling missile pods on its wings and fuselage .","[['Vernon A. Walters', 'Live_In', 'U.S.']]","[['Vernon A. Walters', 'Live_In', 'U.S.']]"
"Ms. Carpenter 's brother , retired National Football League placekicker Mark Moseley , was in the courtroom Wednesday and told reporters afterward , ` ` It 's been nine years of hell for myself and my family. ' '","[['Mark Moseley', 'Work_For', 'National Football League']]","[['Mark Moseley', 'Work_For', 'National Football League']]"
"Hernandez Galicia 's allegedly corrupt Mexican Oil Workers Union controls more than half the lucrative drilling contracts issued by the state oil monopoly , Pemex .","[['Hernandez Galicia', 'Work_For', 'Mexican Oil Workers Union']]","[['Hernandez Galicia', 'Work_For', 'Mexican Oil Workers Union'], ['Mexican Oil Workers Union', 'OrgBased_In', 'Hernandez Galicia'], ['Mexican Oil Workers Union', 'OrgBased_In', 'Mexico'], ['Pemex', 'OrgBased_In', 'Mexico']]"
"You 'll pass through Rolling Fork , where Muddy Waters was born , close to Greenville , home of Nelson Street 's funky strip of blues clubs , and into Clarksdale , at the intersection of Highway 61 and another major road in blues lore , U.S. Highway 49. ;","[['Muddy Waters', 'Live_In', 'Rolling Fork']]","[['Muddy Waters', 'Live_In', 'Rolling Fork']]"
"` ` The Challenger accident marked a major change in the U.S. outlook and policies with respect to the flight of other than NASA astronauts , ' ' the National Aeronautics and Space Administration said in a policy statement .","[['NASA', 'OrgBased_In', 'U.S.'], ['National Aeronautics and Space Administration', 'OrgBased_In', 'U.S.']]","[['NASA', 'OrgBased_In', 'U.S.']]"
"` ` It 's not going to make you a whole bunch of money , but that 's not why we 're doing it , ' ' said Phil Fuhrer , vice of Gannett New Media. 1-900-WEATHER offers callers the current weather and a three-day forecast , plus skiing and highway conditions in the winter and coastal reports during the summer.","[['Phil Fuhrer', 'Work_For', 'Gannett New Media.']]","[['Phil Fuhrer', 'Work_For', 'Gainnet New Media']]"
PA2904034294 Guatemala City Teleonce Television in Spanish 0400 GMT 26 Apr 94,"[['Teleonce Television', 'OrgBased_In', 'Guatemala City']]","[['Teleonce Television', 'OrgBased_In', 'Guatemala City']]"
"DAYTON , Ohio ( AP )","[['DAYTON', 'Located_In', 'Ohio'], ['AP', 'OrgBased_In', 'DAYTON'], ['AP', 'OrgBased_In', 'Ohio']]","[['Dayton', 'Located_In', 'Ohio']]"
"In 1865 , four people were hanged in Washington , D.C. , after being convicted of conspiring with John Wilkes Booth in the assassination of President Lincoln .","[['John Wilkes Booth', 'Kill', 'President Lincoln']]","[['John Wilkes Booth', 'Kill', 'President Lincoln']]"
"San Gabriel River Channel , Azusa , Calif. ;","[['San Gabriel River Channel', 'Located_In', 'Azusa'], ['San Gabriel River Channel', 'Located_In', 'Calif.'], ['Azusa', 'Located_In', 'Calif.']]","[['San Gabriel River Channel', 'Located_In', 'Azure'], ['San Gabriel River Channel', 'Located_In', 'Calif.'], ['Azure', 'Located_In', 'Calif.']]"
He said that the Phnom Penh government has worked out several incentives to attract foreign investment in Cambodia .,"[['Phnom Penh government', 'OrgBased_In', 'Cambodia']]","[['Phnom Penh', 'OrgBased_In', 'Cambodia']]"
"Derwinski , a Republican from Chicago who served 24 years in Congress , publicly denied 1978 allegations that he leaked the information and refused to testify in the matter before a federal grand jury and the House Ethics Committee .","[['Derwinski', 'Live_In', 'Chicago'], ['Derwinski', 'Work_For', 'Congress']]","[['Derwinski', 'Work_For', 'Congress']]"
"BANGKOK , Thailand ( AP )","[['BANGKOK', 'Located_In', 'Thailand'], ['AP', 'OrgBased_In', 'BANGKOK'], ['AP', 'OrgBased_In', 'Thailand']]","[['BANGKOK', 'Located_In', 'Thailand'], ['AP', 'OrgBased_In', 'BANGKOK'], ['AP', 'OrgBased_In', 'Thailand']]"
"( Text ) Police Major Pramot Pansakun , the commander of the Region 2 Border Patrol Police ( BPP ) , Khon Kaen , and Thai and American narcotics suppression officials accompanied by reporters , spent more than 2 hours climbing a high mountain to destroy a Hmong poppy field located along the border between Dan Sai District in Loei Province , Nakhon Thai District in Phitsanulok Province , and Lomsak District in Phetchabun Province .","[['Pramot Pansakun', 'Work_For', 'Region 2 Border Patrol Police'], ['Dan Sai District', 'Located_In', 'Loei Province'], ['Nakhon Thai District', 'Located_In', 'Phitsanulok Province'], ['Lomsak District', 'Located_In', 'Phetchabun Province']]","[['Pramot Pansakun', 'Work_For', 'Region 2 Border Patrol Police'], ['Pramot Pansakun', 'Work_For', 'Border Patrol'], ['Pramot Pansakun', 'Work_For', 'BPP']]"
"Further buying was linked to rumors that the Chilean copper company Codelco was considering shutting down its smelter at Chuquicamata , the world 's largest copper mine , due to persistent mechanical problems , said Fred Demler , metals economist with Drexel Burnham Lambert Inc. in New York .","[['Fred Demler', 'Work_For', 'Drexel Burnham Lambert Inc.'], ['Fred Demler', 'Live_In', 'New York'], ['Drexel Burnham Lambert Inc.', 'OrgBased_In', 'New York']]","[['Fred Demler', 'Work_For', 'Drexel Burnham Lambert Inc.'], ['Fred Demler', 'Live_In', 'New York']]"
An urgent call for international help to avert food shortages in Poland went out both from last month 's Western economic summit in Paris and from Monday 's meeting in Brussels of 24 concerned nations chaired by the European Community Commission.,"[['European Community Commission.', 'OrgBased_In', 'Brussels']]","[['European Community', 'OrgBased_In', 'Paris']]"
"Cheek , 53 , is a former chief and charge in Addis Ababa , Ethiopia.","[['Addis Ababa', 'Located_In', 'Ethiopia.']]","[['Cheek', 'Live_In', 'Addis Ababa'], ['Cheek', 'Live_In', 'Ethiopia.'], ['Addis Ababa', 'Located_In', 'Ethiopia.']]"
"In 1881 , President James A. Garfield was shot by Charles J. Guiteau , a disappointed office-seeker , at the Washington railroad station .","[['Charles J. Guiteau', 'Kill', 'President James A. Garfield']]","[['Charles J. Guiteau', 'Kill', 'President James A. Garfield']]"
"Middle-class Argentines , among the most affluent in Latin America at one time , are so strapped now that they are selling off heirlooms that had been in their families since the days when beef and grain made Argentina one of the world 's wealthiest nations.","[['Argentina', 'Located_In', 'Latin America']]","[['Argentines', 'Live_In', 'Argentina'], ['Argentina', 'Live_In', 'Lat. America']]"
"` ` I don 't think there are any good answers why , ' ' said Virginia Towle of Wallingford , a family friend.","[['Virginia Towle', 'Live_In', 'Wallingford']]","[['Virginia Towle', 'Live_In', 'Wildenbrook']]"
"The meeting will be held at the request of the Soviet Union , which also plans direct talks with resistance leader Prince Norodom Sihanouk , said Sihanouk 's son and representative in Thailand , Prince Norodom Ranariddh .","[['Prince Norodom Ranariddh', 'Live_In', 'Thailand']]","[['Pearl Norodom Sihanouk', 'Live_In', 'Soviet Union'], ['Prince Norodom Ranariddh', 'Live_In', 'Thailand']]"
"Hundreds of children and adults sporting cowboy boots and hats turned out Wednesday to watch as Winterset 's busiest street was named for John Wayne , the community 's most famous native son .","[['John Wayne', 'Live_In', 'Winterset']]","[['John Wayne', 'Live_In', 'Winterset']]"
"River North 's nouvelle sensibilities also might be offended by the Ranch 's menu , which features items such as the ` ` Jesse James Steak ( A Steal ! ) , ' ' and the occasional ornery patron .","[['Ranch', 'OrgBased_In', 'River North']]","[['River North', 'OrgBased_In', 'California'], ['River North', 'OrgBased_In', 'Maine'], ['Jesse James Steak', 'OrgBased_In', 'California'], ['Jesse James Steak', 'OrgBased_In', 'Maine']]"
Police Find No Signs of Radiation Leak AU0202111694 Paris AFP in English 0107 GMT 2 Feb 94,"[['AFP', 'OrgBased_In', 'Paris']]","[['AFP', 'OrgBased_In', 'Paris']]"
It was filmed on location in Tokyo and Kyoto and is a co-production of Children 's Television Worship and NHK network in Japan .,"[['Tokyo', 'Located_In', 'Japan'], ['Kyoto', 'Located_In', 'Japan']]","[['Tokyo', 'Located_In', 'Japan'], ['NHK network', 'OrgBased_In', 'Japan']]"
"The self-propelled rig Avco 5 with 14 people aboard was headed to shore early Monday when it capsized about 20 miles off the Louisiana coast , near Morgan City , Chevron spokesman Jonathan Lifa said.","[['Jonathan Lifa', 'Work_For', 'Chevron']]","[['Avco 5', 'Located_In', 'Louisiana'], ['Jonas Lifa', 'Work_For', 'Chryslel'], ['Jonas Lifa', 'Work_For', 'Chevron'], ['Morgan City', 'Located_In', 'Louisiana']]"
"Sen. Jake Garn , R-Utah , flew on the shuttle in April 1985 and Rep. Bill Nelson , D-Fla. , was aboard in January 1986 , at the invitation of NASA 's administrator .","[['Jake Garn', 'Work_For', 'NASA'], ['Bill Nelson', 'Work_For', 'NASA']]","[['Jake Garn', 'Work_For', 'NASA']]"
Ten Soviet volunteers and their American counterparts plan to spend August in Washington building homes for the poor as a return favor for help in earthquake-devastated Soviet Armenia.,"[['Armenia.', 'Located_In', 'Soviet']]","[['Washington', 'Located_In', 'Soviet']]"
"Evaluating Juppe 's visit , Cetin said that the French Government was not displaying a disturbing stand toward Turkey and was very careful in not intervening in Turkey 's internal affairs .","[['Juppe', 'Work_For', 'French Government'], ['Cetin', 'Live_In', 'Turkey'], ['Cetin', 'Live_In', 'Turkey']]","[['Cetin', 'Live_In', 'Turkey']]"
"Jose Vicente Maldonado , the Ecuadoran minister of industry , commerce , and integration , said that the foreign of the Andean Group ( Colombia , Bolivia , Ecuador , Peru , and Venezuela ) , will study a new date for the summit .","[['Andean Group', 'OrgBased_In', 'Colombia'], ['Andean Group', 'OrgBased_In', 'Bolivia'], ['Andean Group', 'OrgBased_In', 'Ecuador'], ['Andean Group', 'OrgBased_In', 'Peru'], ['Andean Group', 'OrgBased_In', 'Venezuela']]","[['Juan Vicente Maldonado', 'Live_In', 'Ecuador'], ['Juan Vicente Maldonado', 'Work_For', 'Ecuador']]"
"Dole 's wife , Elizabeth , is a native of Salisbury , N.C .","[['Elizabeth', 'Live_In', 'Salisbury , N.C']]","[['Elizabeth', 'Live_In', 'Salisbury, N.C']]"
"( Text ) Sofia , February 15 ( BTA ) -- Today the two main political forces in Bulgaria , the Bulgarian Socialist ( formerly Communist ) Party ( BSP ) and the Union of Democratic Forces ( SDS ) announced their stand on the possible airstrikes in Bosnia five days before the expiry of NATO 's ultimatum .","[['BTA', 'OrgBased_In', 'Sofia'], ['Bulgarian Socialist ( formerly Communist ) Party', 'OrgBased_In', 'Bulgaria'], ['BSP', 'OrgBased_In', 'Bulgaria'], ['Union of Democratic Forces', 'OrgBased_In', 'Bulgaria'], ['SDS', 'OrgBased_In', 'Bulgaria']]","[['Bulgarian Socialist Party', 'OrgBased_In', 'Sofia'], ['Bulgarian Socialist Party', 'OrgBased_In', 'Sofia'], ['Bulgarian Socialist Party', 'OrgBased_In', 'Sofia'], ['Union of Democratic Forces', 'OrgBased_In', 'Sofia'], ['SDS', 'OrgBased_In', 'Sofia']]"
"Starr , who served as counselor to Attorney William French Smith from 1981 prior to taking the bench in 1983 , had been mentioned as a possible Supreme Court nominee after his former colleague on the District of Columbia circuit , Robert Bork , failed to win Senate confirmation in 1987 .","[['Supreme Court', 'OrgBased_In', 'District of Columbia'], ['Senate', 'OrgBased_In', 'District of Columbia']]","[['Starr', 'Work_For', 'Supreme Court'], ['Robert Bork', 'Work_For', 'District of Columbia circuit']]"
"The program , financed with a grant from the United States Agency for International Development , is aimed at reducing infant mortality in Madagascar , an island nation in the Indian Ocean off the eastern coast of Africa.","[['Madagascar', 'Located_In', 'Indian Ocean']]","[['Madanic', 'Located_In', 'Indian Ocean']]"
JN0704183294 Paris Radio Monte Carlo in Arabic 1700 GMT 7 Apr 94,"[['Radio Monte Carlo', 'OrgBased_In', 'Paris']]","[['Radio Monte Carlo', 'OrgBased_In', 'Paris']]"
"On this date : In 1533 , the last Incan King of Peru , Atahualpa , was murdered on the orders of Spanish conqueror Francisco Pizarro .","[['Francisco Pizarro', 'Kill', 'Atahualpa']]","[['Francisco Pizarro', 'Kill', 'Atahualpa']]"
"` ` We 'd play hearts for hours at a time , ' ' said Atlanta businessman Neil Estes.","[['Neil Estes.', 'Live_In', 'Atlanta']]","[['Neil Estes.', 'Live_In', 'Atlanta']]"
"Minox has not shown a profit since 1981 , and on April 1 , 1988 , Robert C. Corduwener , a Netherlands businessman bought a 51 percent share of the company to take control from the Rinn family .","[['Robert C. Corduwener', 'Live_In', 'Netherlands']]","[['Robert C. Corduwener', 'Live_In', 'Norway']]"
"Volcanoes in Nicaragua and Indonesia , deforestation in Brazil and Madagascar , the Sahara desert in Africa and global beach erosion are among the subjects to be photographed .","[['Sahara desert', 'Located_In', 'Africa']]","[['Sahara desert', 'Located_In', 'Africa']]"
"` ` This is really hurting Heuchelheim , ' ' the town 's mayor Willi Marx told The Associated Press in an interview at his office earlier this month .","[['Willi Marx', 'Live_In', 'Heuchelheim']]","[['Willi Marx', 'Live_In', 'Heuchelheim']]"
"` ` I think at this moment they fear making a wrong move _ whether they should seek political asylum or use other reasons to remain here , ' ' said Jeff Shia , president of the Kiangsu Chekiang Association , a non-profit group that helps new Chinese immigrants establish themselves in the city.","[['Jeff Shia', 'Work_For', 'Kiangsu Chekiang Association']]","[['Jeff Shia', 'Work_For', 'Kiangsu Chekiang Association']]"
"The term ` ` 30 Seconds Over Tokyo ' ' was the title of a popular movie about the raid. _Anzio _ The Anzio beachhead , 33 miles south of Rome , saw some of the bloodiest fighting of World War II and accounted for many of the 10 , 000 U.S. battle deaths in Italy the first half of 1944 .","[['Anzio', 'Located_In', 'Italy']]","[['Anzio', 'Located_In', 'Italy']]"
"Anna Sandhu Ray , who 10 years ago Thursday wed the man convicted of killing the Rev. Martin Luther King Jr. , said on her anniversary that she plans to divorce James Earl Ray .","[['James Earl Ray', 'Kill', 'Rev. Martin Luther King Jr.']]","[['James Earl Ray', 'Kill','Rev. Martin Luther King Jr.']]"
The 23-foot-tall statue was modeled after the 30-foot-tall Goddess of Democracy raised by Chinese pro-democracy demonstrators in Beijing 's Tiananmen Square on May 30.,"[['Tiananmen Square', 'Located_In', 'Beijing']]","[['Goddess of Democracy', 'Located_In', 'Beijing'], ['Tiananmen Square', 'Located_In', 'Beijing']]"
"( Text ) Ulaanbaatar , 29 Apr ( XINHUA ) -- China 's Premier Li Peng and Mongolian Prime P. Jasray signed the "" Treaty of Friendly Cooperation Relations Between the People 's Republic of China and Mongolia "" at the State Palace in the afternoon of 29 April .","[['XINHUA', 'OrgBased_In', 'China'], ['XINHUA', 'OrgBased_In', ""People 's Republic of China""], ['Li Peng', 'Live_In', 'China'], ['Li Peng', 'Live_In', ""People 's Republic of China""]]","[['XINHUA', 'OrgBased_In', 'Ulanbaatar'], ['XINHUA', 'OrgBased_In', 'Mongolian']]"
"In 1874 , Herbert Clark Hoover , the 31st president of the United States , was born in West Branch , Iowa .","[['Herbert Clark Hoover', 'Live_In', 'West Branch , Iowa']]","[['Herbert Clark Hoover', 'Live_In', 'West Branch, Iowa']]"
"( Text ) The Rwandan Patriotic Front ( RPF ) has rescued 2 , 000 people in Bugesera in the southeastern part of Rwanda .","[['Bugesera', 'Located_In', 'Rwanda']]","[['Bugesera', 'Located_In', 'Ruand']]"
"One of Warner 's lawyers , Andrew Hall of Miami , Fla. , confirmed Tuesday that Warner is trying to settle the case.","[['Andrew Hall', 'Live_In', 'Miami'], ['Andrew Hall', 'Live_In', 'Fla.'], ['Miami', 'Located_In', 'Fla.']]","[['Andrew Hall', 'Live_In', 'Miami'], ['Andrew Hall', 'Live_In', 'Fla.']]"
"GRAND RAPIDS , Mich .","[['GRAND RAPIDS', 'Located_In', 'Mich .']]","[['GRAND RAPIDS', 'Located_In', 'Mich.']]"
"New Jersey Gov. Thomas Kean , who is leaving office after two terms at the end of this year , was greeted with effuse public praise by his colleagues during the conference.","[['Thomas Kean', 'Live_In', 'New Jersey']]","[['Thomas Kean', 'Live_In', 'New Jersey']]"
"` ` The country was starved of resources , ' ' said Marcos Victorica , director of the Institute of Contemporary Studies.","[['Marcos Victorica', 'Work_For', 'Institute of Contemporary Studies.']]","[['Marcos Victorica', 'Work_For', 'Institute of Contemporary Studies']]"
Excess Lira Reportedly Causes Currency Crisis NC1901223094 London Kanal-6 Television in Turkish 1700 GMT 19 Jan 94,"[['Kanal-6 Television', 'OrgBased_In', 'London']]","[['Kanal-6 Television', 'OrgBased_In', 'London']]"
""" This is the Garrett place where John Wilkes Booth , assassin of Lincoln , was cornered by Union soldiers and killed April 26 , 1865 .","[['John Wilkes Booth', 'Kill', 'Lincoln']]","[['John Wilkes Booth', 'Kill', 'Lincoln']]"
"BANGKOK , Thailand ( AP )","[['BANGKOK', 'Located_In', 'Thailand']]","[['BANGKOK', 'Located_In', 'Thailand'], ['AP', 'OrgBased_In', 'BANGKOK'], ['AP', 'OrgBased_In', 'Thailand']]"
"Joseph Cicippio , 58 , was acting comptroller at the American University of Beirut when he was kidnapped from the campus Sept. 12 , 1986.","[['Joseph Cicippio', 'Work_For', 'American University of Beirut']]","[['Joe Cicippio', 'Work_For', 'American University']]"
"The Santa Ana winds _ also called ` ` devil winds ' ' _ are spun off by high pressure over the interior of the country , picking up speed as they move from Southern California 's deserts through mountain passes and roar down on adjacent communities .","[['Santa Ana', 'Located_In', 'Southern California']]","[['Santa Ana winds', 'Located_In', 'Southern California']]"
FL2706231194 Havana Radio Reloj Network in Spanish 1402 GMT 27 Jun 94,"[['Radio Reloj Network', 'OrgBased_In', 'Havana']]","[['Radio Reloj Network', 'OrgBased_In', 'Havana']]"
"` ` Our white paper , market pulp and packaging businesses turned in particularly impressive results in 1988 , ' ' said John A. Georges , International Paper 's chairman and chief executive officer .","[['John A. Georges', 'Work_For', 'International Paper']]","[['John A. Georges', 'Work_For', 'International Paper']]"
The FA-18 Hornet was on a mission to Pinecastle Electronic Warfare Range in the Ocala National Forest when the bomb tumbled free at 1 : 50 p.m .,"[['Pinecastle Electronic Warfare Range', 'Located_In', 'Ocala National Forest']]","[['Pinnacle Electronic Warfare Range', 'Located_In', 'Ocala National Forest']]"
"EAST LANSING , Mich.","[['EAST LANSING', 'Located_In', 'Mich.']]","[['LANSING', 'Located_In', 'Mich.']]"
"Born in Athens , Psacharopoulos came to the United States at age 17 to enter Oberlin College , where he studied art history .","[['Oberlin College', 'OrgBased_In', 'United States']]","[['Psacharopoulos', 'Live_In', 'Athens']]"
"Two days later , Perry operated on Kennedy 's assassin , Lee Harvey Oswald , who had just been shot by Jack Ruby .","[['Lee Harvey Oswald', 'Kill', 'Kennedy'], ['Jack Ruby', 'Kill', 'Lee Harvey Oswald']]","[['Lee Harvey Oswald', 'Kill', 'Kennedy']]"
"The prime was accompanied by his wife , Datuk Sri Datin Paduka Dr. Siti Hasmah and the deputy secretary of the Foreign Ministry , Datuk Abdul Halim Ali , during his brief visit to South Africa .","[['Datuk Abdul Halim Ali', 'Work_For', 'Foreign Ministry']]","[['Datuk Sri Datin Paduka Dr. Siti Hasmah', 'Work_For', 'Foreign Ministry'], ['Datuk Abdul Halim Ali', 'Work_For', 'Foreign Ministry']]"
"The federal appeals court previously overturned a key provision of Arizona 's death penalty statute in the case of John Harvey Adamson , convicted of murdering reporter Don Bolles .","[['John Harvey Adamson', 'Kill', 'Don Bolles']]","[['John Harvey Adamson', 'Kill', 'Don Bolles']]"
"The movie 's script remains a secret , but Stone has said Kevin Costner will star as New Orleans prosecutor Jim Garrison , who said that Kennedy was the victim of an FBI and CIA conspiracy and that Lee Harvey Oswald , identified by a presidential commission as the lone assassin , was set up to take the blame. ;","[['Lee Harvey Oswald', 'Kill', 'Kennedy']]","[['Kenneth Costner', 'Kill', 'Kenneth Kennedy']]"
"Becton Dickinson sells needle containers to doctors and hospitals but may develop a container for home use , said Linda Schmitt , an assistant product manager.","[['Linda Schmitt', 'Work_For', 'Becton Dickinson']]","[['Becton Dickinson', 'Work_For', 'Doctors'], ['Linda Schmitt', 'Work_For', 'Assist Product Manager']]"
The police files on Kennedy 's shooting could shed new light on persistent questions about whether Sirhan Bishara Sirhan was the only gunman in the shooting .,"[['Sirhan Bishara Sirhan', 'Kill', 'Kennedy']]","[['Serhan Bishara Sirhan', 'Kill', 'Kennedy']]"
NC1404123794 Cairo AL-AHALI in Arabic 6 Apr 94 p 6,"[['AL-AHALI', 'OrgBased_In', 'Cairo']]","[['AL-AHALI', 'OrgBased_In', 'Cairo']]"
"In 1936 , rock legend Buddy Holly was born Charles Hardin Holley in Lubbock , Texas .","[['Buddy Holly', 'Live_In', 'Lubbock , Texas'], ['Charles Hardin Holley', 'Live_In', 'Lubbock , Texas']]","[['Buddy Holly', 'Live_In', 'Lucbock, Texas']]"
"Belli 's clients have included Jack Ruby , who killed John F. Kennedy assassin Lee Harvey Oswald , and Jim and Tammy Bakker .","[['Jack Ruby', 'Kill', 'Lee Harvey Oswald'], ['Lee Harvey Oswald', 'Kill', 'John F. Kennedy']]","[['Jack Ruby', 'Kill', 'Lee Harvey Oswald']]"
"Bosnia 's capital , Sarajevo , is best-known as the site of the assassination in 1914 of Austrian Archduke Franz Ferdinand by young Bosnian nationalist Gavrilo Princip , which was the spark that ignited World War I. No single party appeared likely to win a clear majority in Bosnia 's 240-seat bicameral parliament .","[['Sarajevo', 'Located_In', 'Bosnia'], ['Gavrilo Princip', 'Kill', 'Austrian Archduke Franz Ferdinand']]","[['Gavrilo Princip', 'Kill', 'Austrian Archduke Franz Ferdinand']]"
Walesa said Solidarity wants to avoid unrest .,"[['Walesa', 'Work_For', 'Solidarity']]","[['So Solidarity', 'OrgBased_In', 'Wales']]"
"In 1817 , naturalist-author Henry David Thoreau was born in Concord , Mass .","[['Henry David Thoreau', 'Live_In', 'Concord , Mass']]","[['Henry David Thoreau', 'Live_In', 'Concordia, Mass']]"
"The nine sentences noting the spot where Dallas was settled are followed by this : ` ` On Nov. 22 , 1963 , the building gained national notoriety when Lee Harvey Oswald allegedly shot and killed President John F. Kennedy from a sixth floor window as the presidential motorcade passed the site. ' '","[['Lee Harvey Oswald', 'Kill', 'President John F. Kennedy']]","[['Lee Harvey Oswald', 'Kill', 'President John F. Kennedy']]"
"It almost makes me want to laugh. ( Minoli ) Why ? ( Fini ) Bossi is a very strange character and his extreme envy has been demonstrated. ( passage omitted ) He tried to get votes from the south , those votes which he now despises so much , but the south sent him back to the valleys. ( Minoli ) You said that Bossi reminded you of Hitler trapped in his Berlin bunker , a man with delusions of grandeur and a tendency towards suicide .","[['Hitler', 'Live_In', 'Berlin']]","[['Bossi', 'Live_In', 'Berlin']]"
"` ` One thing I have learned over the past 17 months is that the truth is hard to find , and it remains so , ' ' said Mrs. Higgins , 37 , who is a major inthe Marine Corps and works at the Pentagon as a public information officer.","[['Mrs. Higgins', 'Work_For', 'Marine Corps'], ['Mrs. Higgins', 'Work_For', 'Pentagon']]","[['Mrs. Higgins', 'Work_For', 'Marine Corps'], ['Mrs. Higgins', 'Work_For', 'Potentially'], ['Mrs. Higgins', 'Work_For', 'Potentially'], ['Mrs. Higgins', 'Work_For', 'Potentially'], ['Mrs. Higgins', 'Work_For', 'Potentially'], ['Potentially', 'Work_For', 'Potentially']]"
"Sam Kadet of the corporate law firm of Skadden , Arps said Popeyes could give Church 's notice on Thursday that it planned to proceed with the takeover attempt and deliver the information to Church 's after five business days .","[['Sam Kadet', 'Work_For', 'Skadden , Arps']]","[['Sam Kadet', 'Work_For', 'Skadden']]"
"Yisrael Tal , one of the top military strategists in Israel , says the Arabs have reached a strategic balance with Israel through their acquisition of ground-to-ground missiles .","[['Yisrael Tal', 'Live_In', 'Israel'], ['Yisrael Tal', 'Live_In', 'Israel']]","[['Yisrael Tal', 'Live_In', 'Israel']]"
"Some people in the United States are saying that Clinton "" gave away "" $12 billion to Russia -- this is the amount it is proposed to pay for uranium destined for U.S. nuclear electric power stations , which will be obtained from our nuclear warheads .","[['Clinton', 'Live_In', 'United States'], ['Clinton', 'Live_In', 'U.S.']]","[['Clinton', 'Live_In', 'United States']]"
"Guy M. Struve , the New York attorney representing Church 's , said he was disappointed and did not know when the chain would decide whether to appeal Thursday 's ruling .","[['Guy M. Struve', 'Live_In', 'New York'], ['Guy M. Struve', 'Work_For', ""Church 's""]]","[['Guy M. Struve', 'Live_In', 'New York'], ['Guy M. Struve', 'Work_For', 'Church's']]"
"A golden future seemed assured when , at 25 , Ogdon shared top place with Soviet pianist Vladimir Ashkenazy in the piano section of the 1962 Moscow Tchaikovsky International Competition for young musicians.","[['Vladimir Ashkenazy', 'Live_In', 'Soviet']]","[['Tchaikovsky International Competition', 'OrgBased_In', 'Moscow'], ['Tchaikovsky International Competition', 'OrgBased_In', 'Moscow'], ['Tchaikovsky International Competition', 'OrgBased_In', 'Moscow']]"
Illinois born Charlton Heston was a 27-year-old actor from Broadway and television when he arrived in Hollywood for a five-picture contract with Hal Wallis .,"[['Charlton Heston', 'Live_In', 'Illinois']]","[['Charlton Heston', 'Live_In', 'Illinois']]"
"The justices heard 60 minutes of arguments Wednesday on whether they will allow the execution of Johnny Paul Penry , 32 , a convicted rapist-murderer sentenced to die in Texas .","[['Johnny Paul Penry', 'Live_In', 'Texas']]","[['Johnny Paul Penry', 'Live_In', 'Texas']]"
"1911 , playwright Tennessee Williams was born in Columbus , Miss.","[['Tennessee Williams', 'Live_In', 'Columbus , Miss.']]","[['Tennessee Williams', 'Live_In', 'Columbus, Miss.']]"
"BRISBANE , Australia ( AP )","[['BRISBANE', 'Located_In', 'Australia'], ['AP', 'OrgBased_In', 'BRISBANE'], ['AP', 'OrgBased_In', 'Australia']]","[['BRISANBRIE', 'Located_In', 'Australia'], ['AP', 'OrgBased_In', 'BRISANBRIE'], ['AP', 'OrgBased_In', 'Australia']]"
CNEN Radioprotection Director Laercio Vinhas yesterday reported by fax that the thyroid dysfunctions detected in the employees have no relation whatsoever with their work at the laboratory and that this problem is detected in 3 percent of the overall population .,"[['Laercio Vinhas', 'Work_For', 'CNEN']]","[['Laercio Vinhas', 'Work_For', 'CNEN']]"
"Photographer , author , filmmaker and composer Gordon Parks , 76 , born in Fort Scott , Kan. , who was on the photographic staff of Life Magazine for 19 years before branching out into other activities.","[['Gordon Parks', 'Live_In', 'Fort Scott , Kan.']]","[['G Gordon Parks', 'Live_In', 'Fort Scott, Kan.']]"
"In 1830 , poet Emily Dickinson was born in Amherst , Mass.","[['Emily Dickinson', 'Live_In', 'Amherst , Mass.']]","[['Emily Dickinson', 'Live_In', 'Amherst, Mass.']]"
"` ` This is not a good idea for a lot of environmental reasons , ' ' Stephanie Powell , of the DEM 's division of groundwater and freshwater wetlands , said Tuesday.","[['Stephanie Powell', 'Work_For', 'DEM']]","[['Stephanie Powell', 'Work_For', 'DEM']]"
"Nihat ( Marka ) , deputy leader of SHP ( Social Democrat Populist Party ) parliamentary group , said : They should have run in the elections for the sake of democracy .","[['Nihat', 'Work_For', 'SHP'], ['Nihat', 'Work_For', 'Social Democrat Populist Party'], ['Marka', 'Work_For', 'SHP'], ['Marka', 'Work_For', 'Social Democrat Populist Party']]","[['Nihat', 'Work_For', 'SHP'], ['Marka', 'Work_For', 'SHP'], ['Nihat', 'Work_For', 'Social Democrat Populist Party']]"
A statement from military headquarters said the aircraft crashed during a 260-mile flight to Khartoum from Kassala in eastern Sudan near the Ethiopian border.,"[['Kassala', 'Located_In', 'Sudan']]","[['Kansala', 'Located_In', 'Sudan']]"
"Harrington , a professor of political science at Queens College of the City University of New York and honorary president of the Socialist International , died Monday night at his home in suburban Larchmont , the university said in a statement Tuesday.","[['Harrington', 'Work_For', 'Queens College'], ['Harrington', 'Work_For', 'City University of New York'], ['Harrington', 'Work_For', 'Socialist International'], ['Harrington', 'Live_In', 'Larchmont']]","[['Harrington', 'Work_For', 'Queens College'], ['Harrington', 'Work_For', 'City University of New York'], ['Harrington', 'Work_For', 'Socialist International']]"
"Norton Winfred Simon was born on Feb. 5 , 1907 , in Portland , Ore. , and spent his teen-age years in San Francisco .","[['Norton Winfred Simon', 'Live_In', 'Portland , Ore.']]","[['Montgomery', 'Located_In', 'Portland, Ore.'], ['Montgomery', 'Live_In', 'Portland, Ore.']]"
"The National Aeronautics and Space Administration announced Thursday that Ulf D. Merbold , 47 , of the European Space Agency and Roger K. Crouch of NASA have been chosen to train to perform materials sciences experiments on the International Microgravity Laboratory-1 mission scheduled for April 1991 .","[['Ulf D. Merbold', 'Work_For', 'European Space Agency'], ['Roger K. Crouch', 'Work_For', 'National Aeronautics and Space Administration'], ['Roger K. Crouch', 'Work_For', 'NASA']]","[['Ulf D. Merbold', 'Work_For', 'European Space Agency'], ['Roger K. Crouch', 'Work_For', 'NASA']]"
"Prime Minister Felipe Gonzalez of Spain told reporters , ` ` The police actions and the arrests are of great importance to Spanish society on such a major matter as the battle against terrorism. ' '","[['Felipe Gonzalez', 'Live_In', 'Spain']]","[['Felipe Gonzalez', 'Live_In', 'Spain']]"
"In 1752 , flagmaker Betsy Ross was born in Philadelphia .","[['Betsy Ross', 'Live_In', 'Philadelphia']]","[['Betsy Ross', 'Live_In', 'Philadelphia']]"
"This Latin American group 's reaction came two days after the military leaders of Haiti made Emile Jonassaint provisional president of Haiti , following the Haitian Parliament 's declaration that the post was vacant .","[['Emile Jonassaint', 'Live_In', 'Haiti'], ['Emile Jonassaint', 'Live_In', 'Haiti'], ['Haitian Parliament', 'OrgBased_In', 'Haiti'], ['Haitian Parliament', 'OrgBased_In', 'Haiti']]","[['Emmel Jonassaint', 'Live_In', 'Haiti']]"
"No. 1 is the West Coast 's tallest building , the 76-story black-glass Columbia Seafirst Center built in 1985 , before downtown zoning went into effect .","[['Columbia Seafirst Center', 'Located_In', 'West Coast']]","[['Columbia Seafirst Center', 'Located_In', 'West Coast']]"
"Yahia Bouguettaya , the former mayor of Mohammadia , south-east Algeria , and Mohamed Touali , an activist in Algeria 's Ettahadi ( Challenge ) political party , were assassinated Wednesday .","[['Mohammadia', 'Located_In', 'Algeria'], ['Mohamed Touali', 'Work_For', 'Ettahadi ( Challenge ) political party'], ['Ettahadi ( Challenge ) political party', 'OrgBased_In', 'Algeria'], ['Ettahadi ( Challenge ) political party', 'OrgBased_In', 'Algeria']]","[['Yahia Bouguettaya', 'Live_In', 'Mohammadia'], ['Mohamed Touali', 'Work_For', 'Ettahadi (Challenge)'], ['Ettahadi (Challenge)', 'OrgBased_In', 'Algeria']]"
He developed evidence regarding the assassination of President Kennedy which supported the findings of the Warren Commission that Lee Harvey Oswald was the lone assassin .,"[['Lee Harvey Oswald', 'Kill', 'President Kennedy']]","[['Lee Harvey Oswald', 'Kill', 'President Kennedy']]"
"Montana : A fire burning in grassland and scattered timber in the Custer National Forest became the state 's biggest fire of the summer Tuesday when it surpassed 1 , 200 acres.","[['Custer National Forest', 'Located_In', 'Montana']]","[['Custer National Forest', 'Located_In', 'Montana']]"
"JOHANNESBURG , South Africa ( AP )","[['JOHANNESBURG', 'Located_In', 'South Africa']]","[['JOHANNESBURG', 'Located_In', 'South Africa']]"
"The PRAVDA newspaper carries an interview with Radovan Karadzic , leader of Bosnian Serbs and vice-president of the Union of Serb Writers .","[['Radovan Karadzic', 'Work_For', 'Union of Serb Writers']]","[['Radovan Karadzic', 'Live_In', 'Bosnia and Herzegovina'], ['Radovan Karadzic', 'Work_For', 'Union of Serbian Writers']]"
"( Text ) The National Central Organization of Panamanian Workers ( CNTP ) , which comprises three workers ' federations and 16 unions for a total of 12 , 000 workers , has proclaimed its determination to support Dr. Ernesto Perez Balladares for the presidency of the Republic .","[['The National Central Organization of Panamanian Workers', 'OrgBased_In', 'the Republic'], ['CNTP', 'OrgBased_In', 'the Republic'], ['Ernesto Perez Balladares', 'Live_In', 'the Republic']]","[['The National Central Organization of Panamanian Workers', 'OrgBased_In', 'Panama'], ['Dr. Ernesto Perez Balladares', 'Live_In', 'Panama'], ['Dr. Ernesto Perez Balladares', 'Live_In', 'Republic']]"
"MOSKOVSKIY KOMSOMOLETS has learned from competent sources that the commission is supposed to pay special attention to Lazutkin , former first deputy general director of "" Ostankino , "" who currently holds the position of first deputy head of the Russian Federation Federal Service for Television and Radio Broadcasting.","[['Lazutkin', 'Work_For', 'Russian Federation Federal Service for Television and Radio Broadcasting.']]","[['Lazutkin', 'Work_For', 'Russian Federation Federal Service for Television and Radio Broadcasting.']]"
"But trustee Daniel L. Bakst , a West Palm Beach , Fla. , lawyer , said he will not let the 11th-hour settlement efforts interfere with his assignment to track down Warner 's assets for distribution to creditors.","[['Daniel L. Bakst', 'Live_In', 'West Palm Beach'], ['Daniel L. Bakst', 'Live_In', 'Fla.'], ['West Palm Beach', 'Located_In', 'Fla.']]","[['Daniel L. Bakst', 'Live_In', 'West Palm Beach'], ['Daniel L. Bakst', 'Live_In', 'Fla.'], ['West Palm Beach', 'Located_In', 'Fla.']]"
Serbia is the largest of Yugoslavia 's six republics.,"[['Serbia', 'Located_In', 'Yugoslavia']]","[['Serbia', 'Located_In', 'Yugoslavia']]"
Sirhan was convicted of Kennedy 's killing and is serving a life sentence .,"[['Sirhan', 'Kill', 'Kennedy']]","[['Sirhan', 'Kill', 'Kennedy']]"
"A mechanized infantry battalion belonging to the 21st Brigade of Cerro Muriano in Cordoba and to the 12th Brigade in Botoa in Badajoz , a company of the Special Operations Group in Alicante , and a squadron from the Jarama 1st Cavalry Brigade from Salamanca make up the Cordoba Group .","[['21st Brigade of Cerro Muriano', 'OrgBased_In', 'Cordoba'], ['12th Brigade', 'OrgBased_In', 'Botoa'], ['12th Brigade', 'OrgBased_In', 'Badajoz'], ['Special Operations Group', 'OrgBased_In', 'Alicante'], ['Jarama 1st Cavalry Brigade', 'OrgBased_In', 'Salamanca']]","[['Cerro Muriano', 'OrgBased_In', 'Cordoba'], ['Cerro Muriano', 'Work_For', '21st Brigade'], ['12th Brigade', 'OrgBased_In', 'Botoa'], ['Badajoz', 'Located_In', 'Cordoba'], ['Badajoz', 'Located_In', 'Cordoba']]"
"Those honored were Jean Griffith , mother of a man killed on a Howard Beach , Queens , parkway after being chased by a gang of whites in December 1986 ;","[['Howard Beach', 'Located_In', 'Queens']]","[['Howard Beach', 'Located_In', 'Queens']]"
"FBI agents arrived at Sohn 's New Jersey home and escorted him to safety only 30 minutes before KCIA agents showed up , an unidentified senior law enforcement official told the Times .","[['Sohn', 'Live_In', 'New Jersey']]","[['Sohn', 'Live_In', 'New Jersey']]"
"Prime Brian Mulroney 's Progressive Conservative Party won its second consecutive majority government in the election , and he signed the trade pact with President Reagan in January 1988 .","[['Brian Mulroney', 'Work_For', 'Progressive Conservative Party']]","[['Brian Mulroney', 'Work_For', 'Progressive Conservative Party']]"
Treiki disclosed the planned missile tests during Security Council debate Tuesday night after the U.S. 6th Fleet informed Libyan air traffic controllers so they could divert civilian air traffic .,"[['6th Fleet', 'OrgBased_In', 'U.S.']]","[['Treiki', 'Live_In', 'U.S.']]"
"BANGKOK , Thailand ( AP )","[['BANGKOK', 'Located_In', 'Thailand'], ['AP', 'OrgBased_In', 'BANGKOK'], ['AP', 'OrgBased_In', 'Thailand']]","[['BANGKOK', 'Located_In', 'Thailand'], ['AP', 'OrgBased_In', 'BANGKOK'], ['AP', 'OrgBased_In', 'Thailand']]"
"In Washington , the General Accounting Office ( GAO ) , the congressional watchdog of government spending , says in a report released last August that Israel might be underestimating the costs of producing and deploying the Arrow system .","[['General Accounting Office', 'OrgBased_In', 'Washington'], ['GAO', 'OrgBased_In', 'Washington']]","[['General Accounting Office', 'OrgBased_In', 'Washington'], ['GAO', 'OrgBased_In', 'Washington']]"
"Britain 's Duchess of York and former Philippines first lady Imelda Marcos topped the list by Blackwell , a designer and self-appointed fashion arbiter whose real name is Richard Sylvan Selzer .","[['Duchess of York', 'Live_In', 'Britain'], ['Imelda Marcos', 'Live_In', 'Philippines']]","[['Blackwell', 'Live_In', 'Britain'], ['Richard Sylvan Selzer', 'Live_In', 'Philippines']]"
"Today 's highlight in history : On the Ides of March , 44 B.C. , Roman Emperor Julius Caesar was assassinated by a group of nobles that included Brutus and Cassius .","[['Brutus', 'Kill', 'Roman Emperor Julius Caesar'], ['Cassius', 'Kill', 'Roman Emperor Julius Caesar']]","[['Brutus', 'Kill', 'Roman Emperor Julius Caesar'], ['Cassius', 'Kill', 'Roman Emperor Julius Caesar']]"
"Until President 's Day of this year , the public could not enter the sixth floor of the old school book depository in downtown Dallas , where it 's believed Lee Harvey Oswald fired the shots that killed Kennedy .","[['Lee Harvey Oswald', 'Kill', 'Kennedy']]","[['Lee Harvey Oswald', 'Kill', 'Kennedy']]"
"An electrical train has arrived at Novonezhino to evacuate local inhabitants , and a special group from the Russian Defence Ministry has left Moscow by plane en route to Vladivostok and the site of the explosion .","[['Russian Defence Ministry', 'OrgBased_In', 'Moscow']]","[['Russian Defence Ministry', 'OrgBased_In', 'Moscow']]"
"Deputy U.S. Ambassador Herbert S. Okun announced the cancellation just before the council began debate , and officials in Washington confirmed it .","[['Herbert S. Okun', 'Live_In', 'U.S.']]","[['Herbert S. Okun', 'Live_In', 'U.S.']]"
Moscow March 5 ( ITAR-TASS ) -- Moscow leading newspapers concentrate on the speeches by President Boris Yeltsin and Premier Viktor Chernomyrdin at the government 's enlarged meeting on Friday .,"[['ITAR-TASS', 'OrgBased_In', 'Moscow'], ['ITAR-TASS', 'OrgBased_In', 'Moscow'], ['Boris Yeltsin', 'Live_In', 'Moscow'], ['Boris Yeltsin', 'Live_In', 'Moscow'], ['Viktor Chernomyrdin', 'Live_In', 'Moscow'], ['Viktor Chernomyrdin', 'Live_In', 'Moscow']]","[['Boris Yeltsin', 'Live_In', 'Moscow'], ['Viktor Chernomyrdin', 'Live_In', 'Moscow']]"
"Winter , 53 , a former Yale University law professor who took the bench in 1982 , and Starr , a fellow appointee of President Reagan , are both known as judicial conservatives .","[['Winter', 'Work_For', 'Yale University']]","[['Winter', 'Work_For', 'Yale University'], ['Starter', 'Work_For', 'President Reagan']]"
"In 1873 , radio electronics pioneer Dr. Lee DeForest was born in Council Bluffs , Iowa .","[['Dr. Lee DeForest', 'Live_In', 'Council Bluffs , Iowa']]","[['Dr. Lee DeForest', 'Live_In', 'Council Bluffs, Iowa']]"
"In southwest Louisiana 's Cameron Parish ( county ) , civil defense director Hayes Picou about 8 , 500 of the low-lying parish 's 10 , 000 residents had evacuated the southern coast , most to stay with friends or relatives.","[['Cameron Parish', 'Located_In', 'Louisiana'], ['Hayes Picou', 'Live_In', 'Louisiana'], ['Hayes Picou', 'Live_In', 'Cameron Parish']]","[['Cardamo Parish', 'Located_In', 'Louisiana']]"
"The Internal Revenue Service and Manufacturers Hanover Trust Co. of New York , two of the largest creditors in the Herbert Hunt bankruptcy , said they will file a repayment plan by Friday.","[['Manufacturers Hanover Trust Co.', 'OrgBased_In', 'New York']]","[['The Internal Revenue Service', 'OrgBased_In', 'New York'], ['The Manufacturers Hanover Trust Co.', 'OrgBased_In', 'New York']]"
The committee reported in July 1979 that Lee Harvey Oswald had shot Kennedy and that neither the Soviet Union nor Cuba nor any U.S. government agency was involved in the killing. ;,"[['Lee Harvey Oswald', 'Kill', 'Kennedy']]","[['Lee Harvey Oswald', 'Kill', 'Kennedy']]"
Announces Offer to End Strike PA0302025694 Panama City ACAN in Spanish 2153 GMT 2 Feb 94,"[['ACAN', 'OrgBased_In', 'Panama City']]","[['ACAN', 'OrgBased_In', 'Panama City']]"
"Other winners are : _ Actress Helen Hayes , 87 , born in Washington , who first appeared on stage at the age of 5 , made her New York debut in 1909 and has played in works of Shakespeare , Tennessee Williams and Eugene O'Neill during her long career as a stage and movie actress.","[['Actress Helen Hayes', 'Live_In', 'Washington']]","[['Helen Hayes', 'Live_In', 'Washington']]"
"Bossi set up the Freedom Alliance not because he believed in it , but because he found that it was necessary to do so. ( Minoli ) Do you think that this continual exchange of insults is advantageous to the common cause ? ( Fini ) It is advantageous because whoever listens does not vote for Occhetto ( leader of the Democratic Party of the Left ) .","[['Bossi', 'Work_For', 'Freedom Alliance'], ['Occhetto', 'Work_For', 'Democratic Party']]","[['Bossi', 'Work_For', 'Freedom Alliance'], ['Occhetto', 'Work_For', 'Democratic Party of the Left']]"
"The law , patterned after similar measures in Michigan and California , gives victims ` ` a maximum opportunity to participate , ' ' said Fran Sepler , executive of the state Crime Victim and Witness Advisory Council.","[['Fran Sepler', 'Work_For', 'state Crime Victim and Witness Advisory Council.']]","[['Fran Sepler', 'Work_For', 'Crime Victim and Witness Advisory Council']]"
"Gary Hess , an Emery employee , saw the plane go down as he was getting off work at the airport .","[['Gary Hess', 'Work_For', 'Emery']]","[['Gary Hess', 'Work_For', 'Emery']]"
"The six men were found under the rubble in the basement of a nine-story apartment building which had collapsed on them , the official Soviet news agency said in a report from Yerevan , the capital of Armenia .","[['Yerevan', 'Located_In', 'Armenia']]","[['Yerevan', 'Located_In', 'Armenia']]"
"In 1963 , the year he joined the Herald Tribune , he was riding in the motorcade with President Kennedy when Kennedy was fatally shot by Lee Harvey Oswald in Dallas. ;","[['Lee Harvey Oswald', 'Kill', 'Kennedy']]","[['Lee Harvey Oswald', 'Kill', 'Kennedy']]"
"` ` If we 're going to address this problem it will be a grass-roots effort by activists throughout the cities of the world , ' ' said Jeremy Rifkin , director of the Foundation on Economic Trends and a member of the Global Greenhouse Network , a coalition of environmental activists in 35 countries .","[['Jeremy Rifkin', 'Work_For', 'Foundation on Economic Trends'], ['Jeremy Rifkin', 'Work_For', 'Global Greenhouse Network']]","[['Jeremy Rifkin', 'Work_For', 'Foundation on Economic Trends'], ['Jeremy Rifkin', 'Work_For', 'Global Greenhouse Network']]"
"When he was called to examine Robert F. Kennedy 's assassin , Sirhan Sirhan , a Jordanian residing in the United States , Markman refused .","[['Sirhan Sirhan', 'Kill', 'Robert F. Kennedy']]","[['Sirhan Sirhan', 'Kill', 'Robert F. Kennedy']]"
Tokyo NIHON KEIZAI SHIMBUN,"[['NIHON KEIZAI SHIMBUN', 'OrgBased_In', 'Tokyo']]","[['NIHON KEIZAI SHIMBUN', 'OrgBased_In', 'Tokyo']]"
"Jeffrey Bander , vice for development of new products at American Express , said the credit card company conducted two different research projects before launching its weather phone.","[['Jeffrey Bander', 'Work_For', 'American Express']]","[['Jeffrey Bander', 'Work_For', 'American Express']]"
"In 1968 , authorities announced the capture in London of James Earl Ray , suspected of the assassination of civil rights leader Dr. Martin Luther King Jr .","[['James Earl Ray', 'Kill', 'Dr. Martin Luther King Jr']]","[['James Earl Ray', 'Kill', 'Dr. Martin Luther King Jr']]"
"James Earl Ray , 60 , is serving 99 years in prison for first-degree murder of King in Memphis on April 4 , 1968 .","[['James Earl Ray', 'Kill', 'King']]","[['James Earl Ray', 'Kill', 'King']]"
"( Excerpts ) US President Bill Clinton 's decision to lift a long-standing trade embargo against Vietnam had been expected. ( passage omitted ) In his White House speech , Clinton said the time for bitterness was over and now was the time for a new beginning between Hanoi and Washington .","[['Bill Clinton', 'Live_In', 'US']]","[['Bill Clinton', 'Live_In', 'US']]"
"In Washington , U.S officials announced that the Navy will rotate two aircraft carrier battle groups well away from Libya as one replaces the other .","[['Washington', 'Located_In', 'U.S'], ['Navy', 'OrgBased_In', 'U.S']]","[['Washington', 'Located_In', 'U.S.']]"
"Such theories , which are not alone in the international press , find support in another agreement that was also signed in Geneva -- which the Croatian opposition ostensibly did not notice , to the great surprise and almost astonishment of all , and consequently did not comment on , although the integral text was published in Croatian newspapers -- the agreement signed between Mile Akmadzic , on behalf of the Croatian Republic of Herceg-Bosna , and Nikola Koljevic , on behalf of the Serbian Republic , in which both sides emphasize that "" there are no disputed issues between them that cannot be solved in a peaceful way . ""","[['Mile Akmadzic', 'Live_In', 'Croatian Republic of Herceg-Bosna'], ['Nikola Koljevic', 'Live_In', 'Serbian Republic']]","[['Mile Akmadzic', 'Work_For', 'Croatian Republic of Herceg-Bosna'], ['Nikokoljevic', 'Work_For', 'Serbian Republic']]"
"Tal , a senior Defense Ministry official , has not repeated these views in public .","[['Tal', 'Work_For', 'Defense Ministry']]","[['Tal', 'Work_For', 'Defense Ministry']]"
"Lennon was shot to death Dec. 8 , 1980 , in the courtyard of his New York City apartment building by Mark David Chapman , a former Beatles ' fan who was convicted of the killing and sentenced to prison for a term of 20 years to life .","[['Mark David Chapman', 'Kill', 'Lennon']]","[['Mark David Chapman', 'Kill', 'Lennon']]"
"In 1890 , the 34th President of the United States , Dwight D. Eisenhower , was born in Denison , Texas .","[['Dwight D. Eisenhower', 'Live_In', 'Denison , Texas']]","[['Dwight D. Eisenhower', 'Live_In', 'Denison, Texas']]"
"By contrast , nearly 6 million square feet of downtown office space is newly completed , under construction or has received city permits , said Virginia Galle , a City Council member and CAP supporter .","[['Virginia Galle', 'Work_For', 'City Council']]","[['Virginia Galle', 'Work_For', 'City Council']]"
Harrington taught at Harvard University and the National War College.,"[['Harrington', 'Work_For', 'Harvard University'], ['Harrington', 'Work_For', 'National War College.']]","[['Harrington', 'Work_For', 'Harvard University'], ['Harrington', 'Work_For', 'National War College']]"
"The federal appeals court threw out the death sentence of John Harvey Adamson , convicted of murdering Phoenix newspaper reporter Don Bolles in 1976 .","[['John Harvey Adamson', 'Kill', 'Don Bolles']]","[['John Harvey Adamson', 'Kill', 'Phoenix newspaper reporter']]"
"Fred Farrar , another FAA spokesman , said airlines flying the 737-300s are Aloha , America West , American , Continental , Delta , Orion , Piedmont , Southwest , United and U.S. Air .","[['Fred Farrar', 'Work_For', 'FAA']]","[['Fred Farrar', 'Work_For', 'FAA']]"
"The trud newspaper features the last part of the memoirs by former commander of the Soviet Navy Nikolai Kuznetsov who personally knew Stalin , under the headline "" Stalin 's Death . ""","[['Navy', 'OrgBased_In', 'Soviet'], ['Nikolai Kuznetsov', 'Live_In', 'Soviet'], ['Nikolai Kuznetsov', 'Work_For', 'Navy'], ['Stalin', 'Live_In', 'Soviet'], ['Stalin', 'Live_In', 'Soviet']]","[['Nikolai Kuznetsov', 'Work_For', 'Soviet Navy']]"
National Congress President Vinicio Villar Anleu commented on the implications of the case : ( Begin recording ) ( Villar Anleu ) It seems to us -- and we uphold Congress ' institutional policy -- that the nation 's laws must be respected and that the Constitution must be respected .,"[['Vinicio Villar Anleu', 'Work_For', 'National Congress']]","[['Vinicio Villar Anleu', 'Work_For', 'National Congress']]"
"Several organizations planned remembrances later today at Parkland Memorial Hospital , where Kennedy was taken after being shot , and the Texas Theater , where Lee Harvey Oswald was arrested hours after the assassination .","[['Lee Harvey Oswald', 'Kill', 'Kennedy']]","[['Lee Harvey Oswald', 'Kill', 'Kennedy']]"
Ambassador Miller is also scheduled to meet with Crimean Deputy Yevhen Saburov and Black Sea Fleet Commander Eduard Baltin.,"[['Eduard Baltin.', 'Work_For', 'Black Sea Fleet']]","[['Milwaukee', 'Live_In', 'Crimea'], ['Miller', 'Live_In', 'Crimea'], ['Yevhen Saburov', 'Live_In', 'Crimea'], ['Black Sea Fleet', 'Creator', 'Edgar Baltin']]"
"` ` I think the longer they talk , the longer they delay , the greater the chances that we may turn this around and get them all home , ' ' said Ms. Say in Nashville , Tenn.","[['Nashville', 'Located_In', 'Tenn.']]","[['Ms. Say', 'Live_In', 'Nashville'], ['Ms. Say', 'Live_In', 'Tenn.'], ['Nashville', 'Located_In', 'Tenn.']]"
A chart used to decipher the code was found among Booth 's effects after he was shot by Union soldiers 11 days after the assassination of Lincoln .,"[['Booth', 'Kill', 'Lincoln']]","[['Booth', 'Kill', 'Lincoln']]"
"( Text ) Taipei , Jan. 20 ( CNA ) -- Foreign Chien Fu will leave for the United States on January 29 to give two speeches in the Boston area .","[['Chien Fu', 'Live_In', 'Taipei']]","[['CNA', 'OrgBased_In', 'Taipei'], ['Chen Fu', 'Live_In', 'Taipei'], ['Chen Fu', 'Live_In', 'United States']]"
"` ` ` Ryan 's Hope ' has not been rejected by the audience , it has simply been unavailable to viewers , ' ' Jo Ann Emmerich , vice president of daytime programs for ABC Entertainment , said at the time .","[['Jo Ann Emmerich', 'Work_For', 'ABC Entertainment']]","[['Jo Ann Emmerich', 'Work_For', 'ABC Entertainment']]"
"On this date : In 1843 , the 25th President of the United States , William McKinley , was born in Niles , Ohio .","[['William McKinley', 'Live_In', 'Niles , Ohio']]","[['William McKinley', 'Live_In', 'Niles, Ohio']]"
Moscow MOSKOVSKIY KOMSOMOLETS,"[['MOSKOVSKIY KOMSOMOLETS', 'OrgBased_In', 'Moscow']]","[['MOSKOVSKIY KOMSOMOLETS', 'OrgBased_In', 'Moscow']]"
"In 1874 , Herbert Clark Hoover , the 31st president of the United States , was born in West Branch , Iowa .","[['Herbert Clark Hoover', 'Live_In', 'West Branch , Iowa']]","[['Herbert Clark Hoover', 'Live_In', 'West Branch, Iowa']]"
"Many had hoped their loyality would convince the banks , primarily the Frankfurt-based Commerzbank and Giessen 's Bezirksparkasse bank , to continue to help Minox , but the hope backfired on those who were layed off , he said .","[['Bezirksparkasse bank', 'OrgBased_In', 'Giessen']]","[['Commerzbank', 'OrgBased_In', 'Frankfurt'], ['Giessen's Bezirksparkasse bank', 'OrgBased_In', 'Frankfurt']]"
"An abstract theory explaining the structure of minimal surface in Riemann 's multi-dimensional space has been developed by Wang Guangyan , with the assistance of his PhD student , at the Institute of Mathematics .","[['Wang Guangyan', 'Work_For', 'Institute of Mathematics']]","[['Wang Guangyan', 'Work_For', 'Institute of Mathematics']]"
"Owen Le Vallee , president of the Liberation Day Committee , said his mother found a starving German in the outhouse during the year after D-Day , the 1944 Allied invasion of Europe.","[['Owen Le Vallee', 'Work_For', 'Liberation Day Committee']]","[['Owen Le Vallee', 'Work_For', 'Liberation Day Committee']]"
"KARBALA , Iraq ( AP )","[['KARBALA', 'Located_In', 'Iraq'], ['AP', 'OrgBased_In', 'KARBALA'], ['AP', 'OrgBased_In', 'Iraq']]","[['AP', 'OrgBased_In', 'KARBALA'], ['AP', 'OrgBased_In', 'Iraq']]"
"Another beacon of the better life is Prateep Ungsongtham , known as the ` ` Slum Angel of Bangkok. ' '","[['Prateep Ungsongtham', 'Live_In', 'Bangkok.']]","[['Prateeep Ungsongtham', 'Live_In', 'Bangkok']]"
"( Text ) In an interview with Interfax the chief of Belarus 's Security Committee , Eduard Shirkovskiy , has dismissed rumors that the copies of the files relating to Lee Harvey Oswald , who was charged with having assassinated President John Kennedy , will be handed to President Bill Clinton during his visit to Minsk .","[['Lee Harvey Oswald', 'Kill', 'President John Kennedy']]","[['Lee Harvey Oswald', 'Kill', 'President John Kennedy']]"
"Michael Henley Jr. , 10 , disappeared on a turkey hunt with his father in April 1988 in the mountains near their hometown of Grants , N.M. Ms. Calico , then 19 , disappeared five months later while bicycling on a country road near her hometown of Belen , N.M.","[['Michael Henley Jr.', 'Live_In', 'Grants'], ['Michael Henley Jr.', 'Live_In', 'N.M.'], ['Grants', 'Located_In', 'N.M.'], ['Ms. Calico', 'Live_In', 'N.M.'], ['Ms. Calico', 'Live_In', 'Belen'], ['Ms. Calico', 'Live_In', 'N.M.'], ['Belen', 'Located_In', 'N.M.']]","[['Ms. Calico', 'Live_In', 'Belen'], ['Michael Henley Jr.', 'Live_In', 'Grants'], ['Ms. Calico', 'Live_In', 'N.M.']]"
( Text ) Moscow April 25 TASS -- Preliminary marine pollution measurements taken from the sites of radioactive waste dumping by the former Soviet Union and Japan in the Sea of Japan did not reveal any Caesium-137 radioactive level fluctuations .,"[['TASS', 'OrgBased_In', 'Moscow']]","[['TASS', 'OrgBased_In', 'Moscow']]"
"Police arrested 10 Spanish Basque militants , including Jose Antonio Urutigoechea , considered by Madrid to be a top leader of the Spanish Basque separatist organization ETA , authorities said today .","[['Jose Antonio Urutigoechea', 'Work_For', 'ETA']]","[['Joaquin Antonio Urutigoechea', 'Work_For', 'ETA']]"
"The Warren Commission concluded that Oswald , acting alone , fired the shots that killed Kennedy and wounded John Connally , then the Texas governor .","[['Oswald', 'Kill', 'Kennedy']]","[['Oswald', 'Kill', 'Kennedy']]"
"The advisory committee voted 7-1 to recommend that the drug remain a prescription ingredient , said Susan Cruzan , an FDA spokeswoman.","[['Susan Cruzan', 'Work_For', 'FDA']]","[['Susan Cruzan', 'Work_For', 'FDA']]"
"` ` It 's been a nightmare , ' ' said Shelley Yeager , director of the Clara Barton camp at Oxford in central Massachusetts.","[['Oxford', 'Located_In', 'Massachusetts.']]","[['Shandey Yeager', 'Live_In', 'Clara Barton'], ['Oxford', 'Located_In', 'Massachusetts.']]"
"And William McKinley 's assassin Leon Czolgosz croons "" The Ballad of Czolgosz "" from the electric chair .","[['Leon Czolgosz', 'Kill', 'William McKinley']]","[['Leon Czolgosz', 'Kill', 'William McKinley']]"
Yeltsin Orders Audit of Ostankino Finances MK1401103094 Moscow MOSKOVSKIY KOMSOMOLETS in Russian 14 Jan 94 p 1,"[['MOSKOVSKIY KOMSOMOLETS', 'OrgBased_In', 'Moscow']]","[['MOSKOVSKIY KOMSOMOLETS', 'OrgBased_In', 'Moscow']]"
"` ` We are constantly getting confirmation that the U.S. economy is no longer in a boom phase , and that interest rates are falling , ' ' said a dealer at a U.S. bank in Frankfurt , West Germany.","[['Frankfurt', 'Located_In', 'West Germany.']]","[['Frankfurt', 'Located_In', 'West Germany']]"
"In 1969 , Sirhan Sirhan was convicted of assassinating U.S. Sen. Robert F. Kennedy .","[['Sirhan Sirhan', 'Kill', 'U.S. Sen. Robert F. Kennedy']]","[['Sirhan Sirhan', 'Kill', 'U.S. Sen. Robert F. Kennedy']]"
"Jesse Jackson easily won the Democratic precinct caucuses Saturday in his native South Carolina , while Sen. Bob Dole went on Illinois television for a half-hour plea for Republican votes in a state where he said he is the underdog .","[['Jesse Jackson', 'Live_In', 'South Carolina']]","[['Jesse Jackson', 'Live_In', 'South Carolina']]"
MEXICO CITY ( AP ),"[['AP', 'OrgBased_In', 'MEXICO CITY']]","[['AP', 'OrgBased_In', 'MEXICO CITY']]"
"Temperatures around the nation at 2 a.m. EST ranged from 2 degrees at Jackson , Wyo. , and Gunnison , Colo. , to 89 degrees at McAllen , Texas .","[['Jackson', 'Located_In', 'Wyo.'], ['Gunnison', 'Located_In', 'Colo.'], ['McAllen', 'Located_In', 'Texas']]","[['Jackson', 'Located_In', 'Wyo.'], ['Gunnison', 'Located_In', 'Colo.'], ['McAllen', 'Located_In', 'Texas']]"
"` ` We certainly believe it 's a prudent measure to go out and check to make sure there 's nothing wrong with the fleet , ' ' Boeing Commercial Airplanes spokesman Craig Martin said Wednesday in Seattle .","[['Craig Martin', 'Work_For', 'Boeing Commercial Airplanes']]","[['Craig Martin', 'Work_For', 'Boeing Commercial Airplanes']]"
As Rochester teacher union leader Adam Urbanski put it : ` ` We have set the table ; we have not served the meal yet. ' ',"[['Adam Urbanski', 'Live_In', 'Rochester']]","[['Adam Urbanski', 'Live_In', 'Rochester']]"
Tokyo MAINICHI SHIMBUN,"[['MAINICHI SHIMBUN', 'OrgBased_In', 'Tokyo']]","[['MAINICHI SHIMBUN', 'OrgBased_In', 'Tokyo']]"
"If the elections had been held during the last 10 days of May , that is , after the debate , Fernandez de Cevallos would reportedly be the next president of Mexico with 33.2 percent of the vote .","[['Fernandez de Cevallos', 'Live_In', 'Mexico']]","[['Fernandez de Cevallos', 'Live_In', 'Mexico']]"
Authorities say Oswald opened fire from a sixth-floor window there into Kennedy 's motorcade .,"[['Oswald', 'Kill', 'Kennedy']]","[['Oswald', 'Kill', 'Kennedy']]"
"Meanwhile , the historical society in Beaumont , Texas , Richardson 's hometown , plans to raise two statues on Feb. 3 _ one of Buddy Holly , Richardson and Valens , and a second of the Big Bopper alone .","[['Richardson', 'Live_In', 'Beaumont , Texas']]","[['Bearut', 'Located_In', 'Texas']]"
"At a briefing at NRC headquarters in nearby Rockville , Md. , Bernero said the volcanic cones in the area of Yucca Mountain have been a cause of concern for NRC experts.","[['NRC', 'OrgBased_In', 'Rockville'], ['NRC', 'OrgBased_In', 'Md.'], ['Rockville', 'Located_In', 'Md.'], ['Bernero', 'Work_For', 'NRC'], ['NRC', 'OrgBased_In', 'Rockville'], ['NRC', 'OrgBased_In', 'Md.']]","[['NRC', 'OrgBased_In', 'Rockville'], ['NRC', 'OrgBased_In', 'Md.'], ['Rockville', 'Located_In', 'Md.']]"
"( Text ) Saint-Gall , Switzerland , Feb 2 ( AFP ) -- The wreck of a twin-engine aircraft has been found 160 metres below the surface of Lake Constance , Swiss police said Tuesday ( 1 February ) .","[['Saint-Gall', 'Located_In', 'Switzerland'], ['AFP', 'OrgBased_In', 'Saint-Gall'], ['AFP', 'OrgBased_In', 'Switzerland']]","[['Stan-Gall', 'Located_In', 'Switzerland']]"
"According to the communique , clashes are continuing mainly in the Rancho Nuevo area at the military base in the southern Chiapas State .","[['Rancho Nuevo', 'Located_In', 'Chiapas State']]","[['Rancho Nuevo', 'Located_In', 'Chiapas State']]"
"Dallas police arrested Oswald there on Nov. 22 , 1963 , after the assassination of President John F. Kennedy .","[['Oswald', 'Kill', 'President John F. Kennedy']]","[['Oswald', 'Kill', 'President John F. Kennedy']]"
"In Washington state , near the Canadian border , firefighters hoped to contain an 850-acre fire by tonight , said Greg Thayer of the Forest Service.","[['Greg Thayer', 'Work_For', 'Forest Service.']]","[['Washington state', 'Located_In', 'Canada'], ['Greg Thayer', 'Work_For', 'Forest Service']]"
"In an "" electoral communique "" signed by CNTP Secretary Luis Cobos R. , the organization said it hopes that with this decision "" we will achieve the return of the Torrijist forces to power to stimulate the process of national liberation . ""","[['Luis Cobos R.', 'Work_For', 'CNTP']]","[['CNTP', 'OrgBased_In', 'Luis Cobos R.']]"
"In it , actor Edwin Booth tells us his version of his life story , in which he and not his brother John Wilkes shoots Abraham Lincoln at Ford 's Theater .","[['John Wilkes', 'Kill', 'Abraham Lincoln']]","[['Edwin Booth', 'Kill', 'Abraham Lincoln']]"
"In 1801 , Mormon leader Brigham Young was born in Whitingham , Vt .","[['Brigham Young', 'Live_In', 'Whitingham , Vt']]","[['Brigham Young', 'Live_In', 'Whitingham, Vt']]"
"The Warren Commission concluded that Lee Harvey Oswald , acting alone , fired the shots that killed Kennedy and wounded John Connally , then the Texas governor , on Nov. 22 , 1963 in Dallas .","[['Lee Harvey Oswald', 'Kill', 'Kennedy']]","[['Lee Harvey Oswald', 'Kill', 'Kennedy']]"
"The spilled fuel covered an area two miles long and nearly a half-mile wide , said Whitefish City Attorney Tom Muri.","[['Tom Muri.', 'Live_In', 'Whitefish City']]","[['Tom Muri.', 'Live_In', 'Whitefish City']]"
"In California 's Sierra Nevada foothills , firefighters today declared they had contained a fire that blackened 11 , 700 acres of brush and grassland and destroyed seven homes.","[['Sierra Nevada', 'Located_In', 'California']]","[['Sierra Nevada', 'Located_In', 'California']]"
""" I was hearing the same story , "" says James Hackett , an executive with Titan Systems and one of the leading missile experts in the U.S .","[['James Hackett', 'Work_For', 'Titan Systems'], ['James Hackett', 'Live_In', 'U.S .']]","[['James Hackett', 'Work_For', 'Titan Systems']]"
"The quake leveled much of Leninakan , Armenia 's second-largest city 10 miles east of the Turkish border and left thousands homeless .","[['Leninakan', 'Located_In', 'Armenia']]","[['Leninakan', 'Located_In', 'Armenia']]"
Pittsburgh-Corning Corp. of Pittsburgh ;,"[['Pittsburgh-Corning Corp.', 'OrgBased_In', 'Pittsburgh']]","[['Pittsburgh-Corning Corp.', 'OrgBased_In', 'Pittsburgh']]"
"Barrett is a member of the Illinois Commerce Commission , and Marshall is a lawyer and former legislative aide to Patrick.","[['Barrett', 'Work_For', 'Illinois Commerce Commission']]","[['Barrett', 'Work_For', 'Illinois Commerce Commission']]"
"During my recent tour , I met with Sultan Qabus Bin-Sa 'id of Oman .","[[""Sultan Qabus Bin-Sa 'id"", 'Live_In', 'Oman']]","[['Sultan Qabus Bin-Sa 'id', 'Live_In', 'Oman']]"
"Ten years ago : James Earl Ray , convicted of assassinating Dr. Martin Luther King Jr. in 1968 , repeated his assertion at a Capitol Hill hearing that he did not commit the crime , saying he 'd been set up to take the blame by a mysterious man called Raoul .","[['James Earl Ray', 'Kill', 'Dr. Martin Luther King Jr.']]","[['James Earl Ray', 'Kill', 'Dr. Martin Luther King Jr.']]"
They will also be cleaning the car Oswald drove on the day Kennedy was shot and the ambulance that took Oswald to hospital after he was shot by Jack Ruby .,"[['Jack Ruby', 'Kill', 'Oswald']]","[['Oswald', 'Kill', 'Kennedy']]"
"Widespread street flooding was reported throughout Brazoria , Fort Bend , Galveston and southern Harris Counties in southeast Texas.","[['Brazoria', 'Located_In', 'Texas.'], ['Fort Bend', 'Located_In', 'Texas.'], ['Galveston', 'Located_In', 'Texas.'], ['Harris Counties', 'Located_In', 'Texas.']]","[['Brazoria', 'Located_In', 'Fort Bend'], ['Fort Bend', 'Located_In', 'Galveston'], ['Harrisburg', 'Located_In', 'Texas'], ['Harrisburg', 'Located_In', 'Texas']]"
LD2804174994 Moscow INTERFAX in English 1601 GMT 28 Apr 94,"[['INTERFAX', 'OrgBased_In', 'Moscow']]","[['INTERFAX', 'OrgBased_In', 'Moscow']]"
"Navy sources said the Coral Sea , on duty with the 6th Fleet in the Mediterranean , left ` ` a few hours ' ' ahead of its scheduled departure.","[['6th Fleet', 'OrgBased_In', 'Mediterranean']]","[['Coral Sea', 'Located_In', 'Mediterranean']]"
"It is one of many deep below the arid surface , fed by underground channels that carry rainwater from the Najd plateau in northern Saudi Arabia to the west.","[['Najd plateau', 'Located_In', 'Saudi Arabia']]","[['Najd plateau', 'Located_In', 'Saudi Arabia']]"
