input,response
"TEXT: John Wilkes Booth , who assassinated President Lincoln , was an actor .","[[""John Wilkes Booth"", ""Occupation"", ""Actor""]]"
"TEXT: The opera company performed at the Palace of Fine Arts , in San Francisco , on June 30 and July 1-2 , said Kevin O 'Brien , a spokesman for the theater.","[[""Kevin O'Brien"", ""Worked_For"", Palace of Fine Arts]]"
"TEXT: In the field of mechanics , Wang Ziqiang at the Institute of Mechanics has made considerable headway in the area of elastoplastic crack mechanics .","[[""Wang Ziqiang"", ""Works_at"", ""Institute of Mechanics""]]"
"TEXT: Sun Hung Kai Properties , a Hong Kong construction firm with a 27 percent share ;","[[""Sun Hung Kai Properties"", ""Type"", ""Construction company""]]"
"TEXT: Marie Magdefrau Ferraro , 50 , of Bethany , Conn. , was shot to death Thursday when two bandits armed with assault rifles emerged from nearby bushes and began firing at a van carrying a Connecticut Audubon Society wildlife wild tour group .","[[""Marie Magdefrau Ferraro"", ""Death_Place"", ""Bethany, Connecticut""]]"
"TEXT: Ten oil workers were missing off Morgan City , La. , after their rig capsized while heading inland Monday to escape the storm.","[[""Morgan City"", ""is_part_of"", ""Louisiana""]]"
"TEXT: Lightning ignited a firestorm that charred 10 , 000 acres in central Idaho , including much of the small resort town of Lowman , about 70 miles northeast of Boise.","[[""Lowman"", ""is_part_of"", ""Idaho""]]"
"TEXT: "" It ( Arrow ) is not practical in the short term , "" says former Air Force commander Avihu Bin-Nun .","[[""Avihu Bin-Nun"", ""Rank"", ""General""]]"
"TEXT: The three reactors , all at the Savannah River Plant , in Aiken , S.C. , have been shut down since last April undergoing changes to make them safer .","[[""Savannah River Plant"", ""located_in"", ""Aiken, S.C.""]]"
"TEXT: Composer Thomas is a native of Chisholm , Minn .","[[""Joseph Thomas"", ""Born_in"", ""Chisholm, Minnesota""]]"
"TEXT: Illinois Gov. James Thompson signed legislation last month scrapping Chicago 's central school board next July , to be replaced by parent-run councils empowered to set budgets and hire and fire principals .","[[""Chicago"", ""Governor"", ""James Thompson""]]"
"TEXT: During the 10-hour rescue , diver Brian Michaud of Millinocket hooked the men to harnesses , and rescuers dragged them to the surface with winches .","[[""Brian Michaud"", ""Occupation"", ""Scuba diver""]]"
TEXT: The Warren Commission found Oswald acted alone in killing Kennedy .,"[[""Jack Ruby"", ""Killing"", ""John F. Kennedy""], [""John F. Kennedy"", ""Assassination"", ""John Lee Oswald""], [""John F. Kennedy"", ""Assassination"", ""Lyndon B. Johnson""]]"
TEXT: ( By Yang Jianbai ( 2799 1017 4101 ) of the Economic Research,"[[""Yang Jianbai"", ""Org"", Economic Research]]"
"TEXT: ` ` He was going pretty fast , wasn 't he ? ' ' said Daniel Urquhart , 8 , of Aumsville , whose slug crept to the championship.","[[""Daniel Urquhart"", ""Age"", 8]]"
"TEXT: Kovacevic , a Serb , has come under fire from Serbian politicians and the republic 's press since the U.S. Congress last month passed two resolutions claiming there were human rights violations in the strife-torn southern province of Kosovo.","[[""Kovacevic"", ""Nationality"", ""Serbian""]]"
"TEXT: Martin Luther King III , a son of the slain civil rights leader , said the execution of King assassin James Earl Ray ` ` would not bring my father back. ' '","[[""Martin Luther King III"", ""Son"", ""Martin Luther King Jr.""]]"
"TEXT: On this date : In 1833 , Benjamin Harrison , the 23rd President of the United States , was born in North Bend , Ohio .","[[""Benjamin Harrison"", ""President"", ""23rd""], [""Benjamin Harrison"", ""Born"", ""1833""], [""Benjamin Harrison"", ""Born"", ""North Bend, Ohio""]]"
TEXT: The book said Khrushchev 's order to ignore the blockade was disclosed in a largely unknown work by dissident Soviet historian Roy Medvedev .,"[[""Khrushchev"", ""Order_to_ignore"", ""Blockade""]]"
"TEXT: EDITOR 'S NOTE : Walter R. Mears , vice and columnist for The Associated Press , has reported on Washington and national politics for more than 25 years .","[[""Walter R. Mears"", ""Works_for"", ""The Associated Press""]]"
"TEXT: ` ` The Germans just tunneled like rabbits , ' ' said Gerald Przenislawski , who operates La Valette Underground Military Museum.","[[""La Valette Underground Military Museum"", ""Owner"", Gerald Przenislawski]]"
"TEXT: ` ` With South Carolina being Jesse Jackson 's home state , there was a very strong incentive in the black community. ' '","[[""Jesse Jackson"", ""Hometown"", ""South Carolina""]]"
"TEXT: Photo , Dueling Over a GunIt is a scene seared into the memories of Americans old enough to have watched it that November day in 1963 : Jack Ruby firing his .38-caliber Colt Cobra , above , at Lee Harvey Oswald , the man who had assassinated President John F. Kennedy two days earlier.","[[""Dueling Over a Gun"", ""Place"", Dallas]]"
"TEXT: In a statement at the airport before his departure , Cetin said that Turkey welcomed this step taken by Bosnians and Croats and hoped that real peace comes to Bosnia-Herzegovina when Serbs join this process too .","[[""Cetin"", ""departure"", ""at the airport before his departure""]]"
"TEXT: On Friday , U.S. Ambassador Vernon A. Walters displayed photographs of one Libyan jet showing shapes resembling missile pods on its wings and fuselage .","[[""Vernon A. Walters"", ""Worked_For"", ""United States""]]"
"TEXT: Ms. Carpenter 's brother , retired National Football League placekicker Mark Moseley , was in the courtroom Wednesday and told reporters afterward , ` ` It 's been nine years of hell for myself and my family. ' '","[[""Mark Moseley"", ""Sibling"", Pamela Moseley]]"
"TEXT: Hernandez Galicia 's allegedly corrupt Mexican Oil Workers Union controls more than half the lucrative drilling contracts issued by the state oil monopoly , Pemex .","[[""Hernandez Galicia"", ""Org"", ""Mexican Oil Workers Union""]]"
"TEXT: You 'll pass through Rolling Fork , where Muddy Waters was born , close to Greenville , home of Nelson Street 's funky strip of blues clubs , and into Clarksdale , at the intersection of Highway 61 and another major road in blues lore , U.S. Highway 49. ;","[[""Rolling Fork"", ""is_part_of"", Mississippi]]"
"TEXT: ` ` The Challenger accident marked a major change in the U.S. outlook and policies with respect to the flight of other than NASA astronauts , ' ' the National Aeronautics and Space Administration said in a policy statement .","[[""NASA"", ""Owner"", ""United States""]]"
"TEXT: ` ` It 's not going to make you a whole bunch of money , but that 's not why we 're doing it , ' ' said Phil Fuhrer , vice of Gannett New Media. 1-900-WEATHER offers callers the current weather and a three-day forecast , plus skiing and highway conditions in the winter and coastal reports during the summer.","[[""1-900-Weather"", ""Callers"", ""the current weather and a three-day forecast""]]"
TEXT: PA2904034294 Guatemala City Teleonce Television in Spanish 0400 GMT 26 Apr 94,"[[""PA2904034294"", ""Title"", ""Guatemala City Teleonce Television in Spanish 0400 GMT 26 Apr 94""]]"
"TEXT: DAYTON , Ohio ( AP )","[[""Dayton"", ""is_part_of"", ""Ohio""]]"
"TEXT: In 1865 , four people were hanged in Washington , D.C. , after being convicted of conspiring with John Wilkes Booth in the assassination of President Lincoln .","[[""John Wilkes Booth"", ""Assassination"", ""Abraham Lincoln""]]"
"TEXT: San Gabriel River Channel , Azusa , Calif. ;","[[""San Gabriel River Channel"", ""Location"", ""Azusa, California""]]"
TEXT: He said that the Phnom Penh government has worked out several incentives to attract foreign investment in Cambodia .,"[[""Phnom Penh"", ""is_part_of"", Cambodia]]"
"TEXT: Derwinski , a Republican from Chicago who served 24 years in Congress , publicly denied 1978 allegations that he leaked the information and refused to testify in the matter before a federal grand jury and the House Ethics Committee .","[[""Derwinski"", ""Office"", ""Congressman""]]"
"TEXT: BANGKOK , Thailand ( AP )","[[""Bangkok"", ""is_part_of"", ""Thailand""]]"
"TEXT: ( Text ) Police Major Pramot Pansakun , the commander of the Region 2 Border Patrol Police ( BPP ) , Khon Kaen , and Thai and American narcotics suppression officials accompanied by reporters , spent more than 2 hours climbing a high mountain to destroy a Hmong poppy field located along the border between Dan Sai District in Loei Province , Nakhon Thai District in Phitsanulok Province , and Lomsak District in Phetchabun Province .","[[""Pamot Pansakun"", ""Officer"", ""Border Patrol Police (BPP)""]]"
"TEXT: Further buying was linked to rumors that the Chilean copper company Codelco was considering shutting down its smelter at Chuquicamata , the world 's largest copper mine , due to persistent mechanical problems , said Fred Demler , metals economist with Drexel Burnham Lambert Inc. in New York .","[[""Drexel Burnham Lambert Inc."", ""City"", ""New York""]]"
TEXT: An urgent call for international help to avert food shortages in Poland went out both from last month 's Western economic summit in Paris and from Monday 's meeting in Brussels of 24 concerned nations chaired by the European Community Commission.,"[[""Paris"", ""City"", ""Brussels""]]"
"TEXT: Cheek , 53 , is a former chief and charge in Addis Ababa , Ethiopia.","[[""Cheek"", ""Office"", ""Addis Ababa""]]"
"TEXT: In 1881 , President James A. Garfield was shot by Charles J. Guiteau , a disappointed office-seeker , at the Washington railroad station .","[[""James A. Garfield"", ""Assassination"", ""Charles J. Guiteau""]]"
"TEXT: Middle-class Argentines , among the most affluent in Latin America at one time , are so strapped now that they are selling off heirlooms that had been in their families since the days when beef and grain made Argentina one of the world 's wealthiest nations.","[[""Argentina"", ""is_part_of"", ""Latin America""]]"
"TEXT: ` ` I don 't think there are any good answers why , ' ' said Virginia Towle of Wallingford , a family friend.","[[""Virginia Towle"", ""Friend"", ""Wallingford""]]"
"TEXT: The meeting will be held at the request of the Soviet Union , which also plans direct talks with resistance leader Prince Norodom Sihanouk , said Sihanouk 's son and representative in Thailand , Prince Norodom Ranariddh .","[[""Norodom Ranariddh"", ""Son"", ""Norodom Sihanouk""]]"
"TEXT: Hundreds of children and adults sporting cowboy boots and hats turned out Wednesday to watch as Winterset 's busiest street was named for John Wayne , the community 's most famous native son .","[[""John Wayne"", ""Native_Son"", ""Winterset, Iowa""]]"
"TEXT: River North 's nouvelle sensibilities also might be offended by the Ranch 's menu , which features items such as the ` ` Jesse James Steak ( A Steal ! ) , ' ' and the occasional ornery patron .","[[""River North"", ""has_a_name""]]"
TEXT: Police Find No Signs of Radiation Leak AU0202111694 Paris AFP in English 0107 GMT 2 Feb 94,"[[""Paris AFP"", ""language"", ""English""]]"
TEXT: It was filmed on location in Tokyo and Kyoto and is a co-production of Children 's Television Worship and NHK network in Japan .,"[[""Kyoto""], ""Showcased_in"", ""Tokyo""]]"
"TEXT: The self-propelled rig Avco 5 with 14 people aboard was headed to shore early Monday when it capsized about 20 miles off the Louisiana coast , near Morgan City , Chevron spokesman Jonathan Lifa said.","[[""Avco 5"", ""Capsule_name"", ""Avco 5""]]"
"TEXT: Sen. Jake Garn , R-Utah , flew on the shuttle in April 1985 and Rep. Bill Nelson , D-Fla. , was aboard in January 1986 , at the invitation of NASA 's administrator .","[[""Jake Garn"", ""Officer"", ""NASA Administrator""], [""Bill Nelson"", ""Officer"", ""NASA Administrator""], [""Jake Garn"", ""Officer"", ""Congressman""]]"
TEXT: Ten Soviet volunteers and their American counterparts plan to spend August in Washington building homes for the poor as a return favor for help in earthquake-devastated Soviet Armenia.,"[[""Washington"", ""has_a_river_name"", ""Washington River""]]"
"TEXT: Evaluating Juppe 's visit , Cetin said that the French Government was not displaying a disturbing stand toward Turkey and was very careful in not intervening in Turkey 's internal affairs .","[[""Cetin"", ""Visitor"", ""Juppe""]]"
"TEXT: Jose Vicente Maldonado , the Ecuadoran minister of industry , commerce , and integration , said that the foreign of the Andean Group ( Colombia , Bolivia , Ecuador , Peru , and Venezuela ) , will study a new date for the summit .","[[""Jose Vicente Maldonado"", ""Office"", ""Minister of Industry, Commerce and Integration""]]"
"TEXT: Dole 's wife , Elizabeth , is a native of Salisbury , N.C .","[[""Elizabeth Dole"", ""Native_name"", ""Salisbury, N.C.""]]"
"TEXT: ( Text ) Sofia , February 15 ( BTA ) -- Today the two main political forces in Bulgaria , the Bulgarian Socialist ( formerly Communist ) Party ( BSP ) and the Union of Democratic Forces ( SDS ) announced their stand on the possible airstrikes in Bosnia five days before the expiry of NATO 's ultimatum .","[[""Bulgarian Socialist Party"", ""former_name"", ""Bulgarian Communist Party""]]"
"TEXT: Starr , who served as counselor to Attorney William French Smith from 1981 prior to taking the bench in 1983 , had been mentioned as a possible Supreme Court nominee after his former colleague on the District of Columbia circuit , Robert Bork , failed to win Senate confirmation in 1987 .","[[""Robert Bork"", ""Years_on_the_Supreme_Court"", ""1987""]]"
"TEXT: The program , financed with a grant from the United States Agency for International Development , is aimed at reducing infant mortality in Madagascar , an island nation in the Indian Ocean off the eastern coast of Africa.","[[""Madagascar"", ""island"", ""Madagascar""]]"
TEXT: JN0704183294 Paris Radio Monte Carlo in Arabic 1700 GMT 7 Apr 94,"[[""Paris Radio Monte Carlo in Arabic"", ""Title"", ""7 Apr 94""]]"
"TEXT: On this date : In 1533 , the last Incan King of Peru , Atahualpa , was murdered on the orders of Spanish conqueror Francisco Pizarro .","[[""Atahualpa"", ""Kingdom"", ""Peru""]]"
"TEXT: ` ` We 'd play hearts for hours at a time , ' ' said Atlanta businessman Neil Estes.","[[""Neil Estes"", ""Occupation"", ""Businessman""]]"
"TEXT: Minox has not shown a profit since 1981 , and on April 1 , 1988 , Robert C. Corduwener , a Netherlands businessman bought a 51 percent share of the company to take control from the Rinn family .","[[""Robert C. Corduwener"", ""Nationality"", Netherlands]]"
"TEXT: Volcanoes in Nicaragua and Indonesia , deforestation in Brazil and Madagascar , the Sahara desert in Africa and global beach erosion are among the subjects to be photographed .","[[""Volcanoes in Nicaragua and Indonesia"", ""Subject"", ""deforestation in Brazil and Madagascar"", ""the Sahara desert in Africa""]]"
"TEXT: ` ` This is really hurting Heuchelheim , ' ' the town 's mayor Willi Marx told The Associated Press in an interview at his office earlier this month .","[[""Willy Marx"", ""Works_For"", ""Associated Press""]]"
"TEXT: ` ` I think at this moment they fear making a wrong move _ whether they should seek political asylum or use other reasons to remain here , ' ' said Jeff Shia , president of the Kiangsu Chekiang Association , a non-profit group that helps new Chinese immigrants establish themselves in the city.","[[""Jeff Shia"", ""Works_for"", ""Kiangsu Chekiang Association""]]"
"TEXT: The term ` ` 30 Seconds Over Tokyo ' ' was the title of a popular movie about the raid. _Anzio _ The Anzio beachhead , 33 miles south of Rome , saw some of the bloodiest fighting of World War II and accounted for many of the 10 , 000 U.S. battle deaths in Italy the first half of 1944 .","[[""30 Seconds Over Tokyo"", ""Movie"", ""30 Seconds Over Tokyo""]]"
"TEXT: Anna Sandhu Ray , who 10 years ago Thursday wed the man convicted of killing the Rev. Martin Luther King Jr. , said on her anniversary that she plans to divorce James Earl Ray .","[[""Anna Sandhu Ray"", ""Spouse"", ""James Earl Ray""]]"
TEXT: The 23-foot-tall statue was modeled after the 30-foot-tall Goddess of Democracy raised by Chinese pro-democracy demonstrators in Beijing 's Tiananmen Square on May 30.,"[[""Goddess of Democracy"", ""Size"", ""30 ft.""], [""Goddess of Democracy"", ""Statue"", ""23 ft.""], [""Goddess of Democracy"", ""Statue"", ""Beijing""]]"
"TEXT: ( Text ) Ulaanbaatar , 29 Apr ( XINHUA ) -- China 's Premier Li Peng and Mongolian Prime P. Jasray signed the "" Treaty of Friendly Cooperation Relations Between the People 's Republic of China and Mongolia "" at the State Palace in the afternoon of 29 April .","[[""Li Peng"", ""Office"", ""Premier of the People's Republic of China""], [""P. Jasray"", ""Office"", ""Prime Minister of Mongolia""]]"
"TEXT: In 1874 , Herbert Clark Hoover , the 31st president of the United States , was born in West Branch , Iowa .","[[""Herbert Clark Hoover"", ""Birth_Place"", ""West Branch, Iowa""]]"
"TEXT: ( Text ) The Rwandan Patriotic Front ( RPF ) has rescued 2 , 000 people in Bugesera in the southeastern part of Rwanda .","[[""Bugesera"", ""Part"", ""Southeastern part of Rwanda""]]"
"TEXT: One of Warner 's lawyers , Andrew Hall of Miami , Fla. , confirmed Tuesday that Warner is trying to settle the case.","[[""Andrew Hall"", ""WorkedFor"", ""Warner Bros.""]]"
"TEXT: GRAND RAPIDS , Mich .","[[""Grand Rapids, Michigan""], ""City"", ""Grand Rapids, Michigan""]]"
"TEXT: New Jersey Gov. Thomas Kean , who is leaving office after two terms at the end of this year , was greeted with effuse public praise by his colleagues during the conference.","[[""Thomas Kean"", ""Office"", ""Governor of New Jersey""]]"
"TEXT: ` ` The country was starved of resources , ' ' said Marcos Victorica , director of the Institute of Contemporary Studies.","[[""Institute of Contemporary Studies"", ""Director"", ""Marcos Victorica""]]"
TEXT: Excess Lira Reportedly Causes Currency Crisis NC1901223094 London Kanal-6 Television in Turkish 1700 GMT 19 Jan 94,"[[""Excess Lira Reportedly Causes Currency Crisis"", ""date"", ""19 Jan 94""], [""Excess Lira Reportedly Causes Currency Crisis"", ""channel"", ""Kanal-6 Television""]]"
"TEXT: "" This is the Garrett place where John Wilkes Booth , assassin of Lincoln , was cornered by Union soldiers and killed April 26 , 1865 .","[[""John Wilkes Booth"", ""Killed"", ""Abraham Lincoln""]]"
"TEXT: BANGKOK , Thailand ( AP )","[[""Bangkok"", ""is_part_of"", ""Thailand""]]"
"TEXT: Joseph Cicippio , 58 , was acting comptroller at the American University of Beirut when he was kidnapped from the campus Sept. 12 , 1986.","[[""Joseph Cicippio"", ""Attached_to"", ""American University of Beirut""]]"
"TEXT: The Santa Ana winds _ also called ` ` devil winds ' ' _ are spun off by high pressure over the interior of the country , picking up speed as they move from Southern California 's deserts through mountain passes and roar down on adjacent communities .","[[""Santa Ana winds"", ""Spin-off"", ""High pressure over the interior of the country""]]"
TEXT: FL2706231194 Havana Radio Reloj Network in Spanish 1402 GMT 27 Jun 94,"[[""FL2706231194"", ""Title"", ""Havana Radio Reloj Network in Spanish""]]"
"TEXT: ` ` Our white paper , market pulp and packaging businesses turned in particularly impressive results in 1988 , ' ' said John A. Georges , International Paper 's chairman and chief executive officer .","[[""International Paper"", ""Chairman"", ""John A. Georges""]]"
TEXT: The FA-18 Hornet was on a mission to Pinecastle Electronic Warfare Range in the Ocala National Forest when the bomb tumbled free at 1 : 50 p.m .,"[[""FA-18 Hornet"", ""Aircraft"", ""F/A-18 Hornet""], [""FA-18 Hornet"", ""Flight_Status"", ""Flight""], [""FA-18 Hornet"", ""Location"", ""Ocala National Forest""]]"
"TEXT: EAST LANSING , Mich.","[[""East Lansing"", ""is_part_of"", ""Michigan""]]"
"TEXT: Born in Athens , Psacharopoulos came to the United States at age 17 to enter Oberlin College , where he studied art history .","[[""George Psacharopoulos"", ""Born"", ""Athens""], [""George Psacharopoulos"", ""Education"", ""Oberlin College""]]"
"TEXT: Two days later , Perry operated on Kennedy 's assassin , Lee Harvey Oswald , who had just been shot by Jack Ruby .","[[""Lee Harvey Oswald"", ""Killed"", ""John F. Kennedy""], [""John F. Kennedy"", ""Assassin"", ""Lee Harvey Oswald""], [""Lee Harvey Oswald"", ""Shot_By"", ""Jack Ruby""]]"
"TEXT: The prime was accompanied by his wife , Datuk Sri Datin Paduka Dr. Siti Hasmah and the deputy secretary of the Foreign Ministry , Datuk Abdul Halim Ali , during his brief visit to South Africa .","[[""Datuk Abdul Halim Ali"", ""Office"", ""Foreign Ministry""]]"
"TEXT: The federal appeals court previously overturned a key provision of Arizona 's death penalty statute in the case of John Harvey Adamson , convicted of murdering reporter Don Bolles .","[[""Don Bolles"", ""Death_Penalty"", ""Death""], [""Don Bolles"", ""Crime"", ""Murder""], [""Don Bolles"", ""Sex"", ""Female""], [""Don Bolles"", ""Born"", ""1938""]]"
"TEXT: The movie 's script remains a secret , but Stone has said Kevin Costner will star as New Orleans prosecutor Jim Garrison , who said that Kennedy was the victim of an FBI and CIA conspiracy and that Lee Harvey Oswald , identified by a presidential commission as the lone assassin , was set up to take the blame. ;","[[""Jim Garrison"", ""killed"", ""John F. Kennedy""]]"
"TEXT: Becton Dickinson sells needle containers to doctors and hospitals but may develop a container for home use , said Linda Schmitt , an assistant product manager.","[[""Becton Dickinson"", ""Sale_to"", ""Doctors and hospitals""], [""Becton Dickinson"", ""Sale_to"", ""Home users""], [""Becton Dickinson"", ""Staff_name"", ""Linda Schmitt""]]"
TEXT: The police files on Kennedy 's shooting could shed new light on persistent questions about whether Sirhan Bishara Sirhan was the only gunman in the shooting .,"[[""Sirhan Bishara Sirhan"", ""Assassination"", ""Robert F. Kennedy""]]"
TEXT: NC1404123794 Cairo AL-AHALI in Arabic 6 Apr 94 p 6,"[[""NC1404123794"", ""language"", ""Arabic""], [""NC1404123794"", ""date"", ""6 April 1994""]]"
"TEXT: In 1936 , rock legend Buddy Holly was born Charles Hardin Holley in Lubbock , Texas .","[[""Buddy Holly"", ""Born"", 1936]]"
"TEXT: Belli 's clients have included Jack Ruby , who killed John F. Kennedy assassin Lee Harvey Oswald , and Jim and Tammy Bakker .","[[""Jack Ruby"", ""Client"", ""John F. Kennedy""], [""Jack Ruby"", ""Client"", ""Tammy Bakker""]]"
"TEXT: Bosnia 's capital , Sarajevo , is best-known as the site of the assassination in 1914 of Austrian Archduke Franz Ferdinand by young Bosnian nationalist Gavrilo Princip , which was the spark that ignited World War I. No single party appeared likely to win a clear majority in Bosnia 's 240-seat bicameral parliament .","[[""Bosnia"", ""capital"", ""Sarajevo""]]"
TEXT: Walesa said Solidarity wants to avoid unrest .,"[[""Solidarity"", ""Person"", Lech Walesa]]"
"TEXT: In 1817 , naturalist-author Henry David Thoreau was born in Concord , Mass .","[[""Henry David Thoreau"", ""Born"", ""1817""]]"
"TEXT: The nine sentences noting the spot where Dallas was settled are followed by this : ` ` On Nov. 22 , 1963 , the building gained national notoriety when Lee Harvey Oswald allegedly shot and killed President John F. Kennedy from a sixth floor window as the presidential motorcade passed the site. ' '","[[""John F. Kennedy"", ""Assassination"", ""Lee Harvey Oswald""]]"
"TEXT: It almost makes me want to laugh. ( Minoli ) Why ? ( Fini ) Bossi is a very strange character and his extreme envy has been demonstrated. ( passage omitted ) He tried to get votes from the south , those votes which he now despises so much , but the south sent him back to the valleys. ( Minoli ) You said that Bossi reminded you of Hitler trapped in his Berlin bunker , a man with delusions of grandeur and a tendency towards suicide .","[[""Bossi"", ""reminds_someone_of"", ""Hitler""]]"
"TEXT: ` ` One thing I have learned over the past 17 months is that the truth is hard to find , and it remains so , ' ' said Mrs. Higgins , 37 , who is a major inthe Marine Corps and works at the Pentagon as a public information officer.","[[""Mrs. Higgins"", ""Rank"", ""Major""], [""Mrs. Higgins"", ""Works_at"", ""Pentagon""]]"
"TEXT: Sam Kadet of the corporate law firm of Skadden , Arps said Popeyes could give Church 's notice on Thursday that it planned to proceed with the takeover attempt and deliver the information to Church 's after five business days .","[[""Sam Kadet"", ""Worked_For"", ""Skadden, Arps""]]"
"TEXT: Yisrael Tal , one of the top military strategists in Israel , says the Arabs have reached a strategic balance with Israel through their acquisition of ground-to-ground missiles .","[[""Yisrael Tal"", ""Works_for"", ""Israel Defense Forces""]]"
"TEXT: Some people in the United States are saying that Clinton "" gave away "" $12 billion to Russia -- this is the amount it is proposed to pay for uranium destined for U.S. nuclear electric power stations , which will be obtained from our nuclear warheads .","[[""Clinton"", ""President"", ""Clinton""]]"
"TEXT: Guy M. Struve , the New York attorney representing Church 's , said he was disappointed and did not know when the chain would decide whether to appeal Thursday 's ruling .","[[""Guy M. Struve"", ""Worked_For"", ""Church's Chicken""]]"
"TEXT: A golden future seemed assured when , at 25 , Ogdon shared top place with Soviet pianist Vladimir Ashkenazy in the piano section of the 1962 Moscow Tchaikovsky International Competition for young musicians.","[[""Moscow Tchaikovsky International Competition for Young Musicians"", ""Piano"", ""Soviet Union""]]"
TEXT: Illinois born Charlton Heston was a 27-year-old actor from Broadway and television when he arrived in Hollywood for a five-picture contract with Hal Wallis .,"[[""Charlton Heston"", ""Born"", ""Illinois""]]"
"TEXT: The justices heard 60 minutes of arguments Wednesday on whether they will allow the execution of Johnny Paul Penry , 32 , a convicted rapist-murderer sentenced to die in Texas .","[[""Johnny Paul Penry"", ""Sentenced_To_Death"", ""Texas""]]"
"TEXT: 1911 , playwright Tennessee Williams was born in Columbus , Miss.","[[""Tennessee Williams"", ""Born"", ""1911""]]"
"TEXT: BRISBANE , Australia ( AP )","[[""BRISBANE"", ""City"", ""Brisbane""]]"
TEXT: CNEN Radioprotection Director Laercio Vinhas yesterday reported by fax that the thyroid dysfunctions detected in the employees have no relation whatsoever with their work at the laboratory and that this problem is detected in 3 percent of the overall population .,"[[""CNEN Radioprotection"", ""Director"", ""Laercio Vinhas""]]"
"TEXT: Photographer , author , filmmaker and composer Gordon Parks , 76 , born in Fort Scott , Kan. , who was on the photographic staff of Life Magazine for 19 years before branching out into other activities.","[[""Gordon Parks"", ""Born"", ""Fort Scott, Kansas""]]"
"TEXT: In 1830 , poet Emily Dickinson was born in Amherst , Mass.","[[""Emily Dickinson"", ""Born"", ""1830""]]"
"TEXT: ` ` This is not a good idea for a lot of environmental reasons , ' ' Stephanie Powell , of the DEM 's division of groundwater and freshwater wetlands , said Tuesday.","[[""Stephanie Powell"", ""Works_For"", ""Department of Environmental Management""]]"
"TEXT: Nihat ( Marka ) , deputy leader of SHP ( Social Democrat Populist Party ) parliamentary group , said : They should have run in the elections for the sake of democracy .","[[""Nihat (Marka)"", ""Worked_For"", ""SHP (Social Democrat Populist Party) parliamentary group""]]"
TEXT: A statement from military headquarters said the aircraft crashed during a 260-mile flight to Khartoum from Kassala in eastern Sudan near the Ethiopian border.,"[[""Khartoum"", ""is_part_of"", ""Khartoum Governorate""]]"
"TEXT: Harrington , a professor of political science at Queens College of the City University of New York and honorary president of the Socialist International , died Monday night at his home in suburban Larchmont , the university said in a statement Tuesday.","[[""Harrington"", ""Worked_For"", ""Queens College of the City University of New York""]]"
"TEXT: Norton Winfred Simon was born on Feb. 5 , 1907 , in Portland , Ore. , and spent his teen-age years in San Francisco .","[[""Norton Winfred Simon"", ""Born"", ""1907-02-05""]]"
"TEXT: The National Aeronautics and Space Administration announced Thursday that Ulf D. Merbold , 47 , of the European Space Agency and Roger K. Crouch of NASA have been chosen to train to perform materials sciences experiments on the International Microgravity Laboratory-1 mission scheduled for April 1991 .","[[""International Microgravity Laboratory-1"", ""Operator"", ""NASA""], [""International Microgravity Laboratory-1"", ""Operator"", ""European Space Agency""], [""International Microgravity Laboratory-1"", ""Operator"", ""Roger K. Crouch""]]"
"TEXT: Prime Minister Felipe Gonzalez of Spain told reporters , ` ` The police actions and the arrests are of great importance to Spanish society on such a major matter as the battle against terrorism. ' '","[[""Felipe Gonz√°lez"", ""Office"", ""Prime Minister of Spain""]]"
"TEXT: In 1752 , flagmaker Betsy Ross was born in Philadelphia .","[[""Betsy Ross"", ""Born"", ""1752""]]"
"TEXT: This Latin American group 's reaction came two days after the military leaders of Haiti made Emile Jonassaint provisional president of Haiti , following the Haitian Parliament 's declaration that the post was vacant .","[[""Emile Jonassaint"", ""Office"", ""President of Haiti""]]"
"TEXT: No. 1 is the West Coast 's tallest building , the 76-story black-glass Columbia Seafirst Center built in 1985 , before downtown zoning went into effect .","[[""Columbia Seafirst Center"", ""Location"", ""Seattle""], [""Columbia Seafirst Center"", ""Years_in_use"", ""1985""]]"
"TEXT: Yahia Bouguettaya , the former mayor of Mohammadia , south-east Algeria , and Mohamed Touali , an activist in Algeria 's Ettahadi ( Challenge ) political party , were assassinated Wednesday .","[[""Yahia Bouguettaya"", ""Office"", ""Mayor of Mohammadia""]]"
TEXT: He developed evidence regarding the assassination of President Kennedy which supported the findings of the Warren Commission that Lee Harvey Oswald was the lone assassin .,"[[""John F. Kennedy"", ""Assassination"", ""Lee Harvey Oswald""]]"
"TEXT: Montana : A fire burning in grassland and scattered timber in the Custer National Forest became the state 's biggest fire of the summer Tuesday when it surpassed 1 , 200 acres.","[[""Montana"", ""Summer"", ""June""]]"
"TEXT: JOHANNESBURG , South Africa ( AP )","[[""AP"", ""Location"", ""South Africa""]]"
"TEXT: The PRAVDA newspaper carries an interview with Radovan Karadzic , leader of Bosnian Serbs and vice-president of the Union of Serb Writers .","[[""Radovan Karadzic"", ""Office"", ""Vice-President of the Union of Serb Writers""]]"
"TEXT: ( Text ) The National Central Organization of Panamanian Workers ( CNTP ) , which comprises three workers ' federations and 16 unions for a total of 12 , 000 workers , has proclaimed its determination to support Dr. Ernesto Perez Balladares for the presidency of the Republic .","[[""CNTP"", ""Size"", ""12, 000""]]"
"TEXT: MOSKOVSKIY KOMSOMOLETS has learned from competent sources that the commission is supposed to pay special attention to Lazutkin , former first deputy general director of "" Ostankino , "" who currently holds the position of first deputy head of the Russian Federation Federal Service for Television and Radio Broadcasting.","[[""Ostankino"", ""former_chief_executive"", ""Vladimir Lazutkin""]]"
"TEXT: But trustee Daniel L. Bakst , a West Palm Beach , Fla. , lawyer , said he will not let the 11th-hour settlement efforts interfere with his assignment to track down Warner 's assets for distribution to creditors.","[[""Daniel L. Bakst"", ""Worked_For"", ""Wildwood Enterprises""]]"
TEXT: Serbia is the largest of Yugoslavia 's six republics.,"[[""Serbia"", ""is_part_of"", ""Yugoslavia""]]"
TEXT: Sirhan was convicted of Kennedy 's killing and is serving a life sentence .,"[[""Sirhan Sirhan"", ""Sentence"", ""Life imprisonment""]]"
"TEXT: A mechanized infantry battalion belonging to the 21st Brigade of Cerro Muriano in Cordoba and to the 12th Brigade in Botoa in Badajoz , a company of the Special Operations Group in Alicante , and a squadron from the Jarama 1st Cavalry Brigade from Salamanca make up the Cordoba Group .","[[""Cordoba Group"", ""Component"", ""21st Brigade of Cerro Muriano""]]"
"TEXT: Those honored were Jean Griffith , mother of a man killed on a Howard Beach , Queens , parkway after being chased by a gang of whites in December 1986 ;","[[""Jean Griffith"", ""Son"", ""James Griffith""]]"
"TEXT: FBI agents arrived at Sohn 's New Jersey home and escorted him to safety only 30 minutes before KCIA agents showed up , an unidentified senior law enforcement official told the Times .","[[""Sohn"", ""Hometown"", ""New Jersey""]]"
"TEXT: Prime Brian Mulroney 's Progressive Conservative Party won its second consecutive majority government in the election , and he signed the trade pact with President Reagan in January 1988 .","[[""Brian Mulroney"", ""Party"", Progressive Conservative Party]]"
TEXT: Treiki disclosed the planned missile tests during Security Council debate Tuesday night after the U.S. 6th Fleet informed Libyan air traffic controllers so they could divert civilian air traffic .,"[[""Tuesday"", ""Day"", ""Tuesday""]]"
"TEXT: BANGKOK , Thailand ( AP )","[[""Bangkok"", ""is_part_of"", ""Thailand""]]"
"TEXT: In Washington , the General Accounting Office ( GAO ) , the congressional watchdog of government spending , says in a report released last August that Israel might be underestimating the costs of producing and deploying the Arrow system .","[[""General Accounting Office"", ""Type"", ""Congress""], [""General Accounting Office"", ""Place"", ""Washington, D.C.""], [""General Accounting Office"", ""Activity"", ""Congress""], [""General Accounting Office"", ""Purpose"", ""to provide Congress with information on the financial condition and operations of the federal government""]]"
"TEXT: Britain 's Duchess of York and former Philippines first lady Imelda Marcos topped the list by Blackwell , a designer and self-appointed fashion arbiter whose real name is Richard Sylvan Selzer .","[[""Imelda Marcos"", ""Nickname"", ""Imelda""]]"
"TEXT: Today 's highlight in history : On the Ides of March , 44 B.C. , Roman Emperor Julius Caesar was assassinated by a group of nobles that included Brutus and Cassius .","[[""Julius Caesar"", ""assassination_date"", ""44 BC""]]"
"TEXT: Until President 's Day of this year , the public could not enter the sixth floor of the old school book depository in downtown Dallas , where it 's believed Lee Harvey Oswald fired the shots that killed Kennedy .","[[""Lee Harvey Oswald"", ""Assassination"", ""John F. Kennedy""]]"
"TEXT: An electrical train has arrived at Novonezhino to evacuate local inhabitants , and a special group from the Russian Defence Ministry has left Moscow by plane en route to Vladivostok and the site of the explosion .","[[""Novonezhino"", ""located_in"", ""Vladivostok""]]"
"TEXT: Deputy U.S. Ambassador Herbert S. Okun announced the cancellation just before the council began debate , and officials in Washington confirmed it .","[[""Herbert S. Okun"", ""Worked_For"", ""United States""]]"
TEXT: Moscow March 5 ( ITAR-TASS ) -- Moscow leading newspapers concentrate on the speeches by President Boris Yeltsin and Premier Viktor Chernomyrdin at the government 's enlarged meeting on Friday .,"[[""Moscow"", ""has_a_leader"", ""ITAR-TASS""]]"
"TEXT: Winter , 53 , a former Yale University law professor who took the bench in 1982 , and Starr , a fellow appointee of President Reagan , are both known as judicial conservatives .","[[""Winter"", ""Appointed_By"", ""Reagan""]]"
"TEXT: In 1873 , radio electronics pioneer Dr. Lee DeForest was born in Council Bluffs , Iowa .","[[""Lee DeForest"", ""Born"", 1873]]"
"TEXT: In southwest Louisiana 's Cameron Parish ( county ) , civil defense director Hayes Picou about 8 , 500 of the low-lying parish 's 10 , 000 residents had evacuated the southern coast , most to stay with friends or relatives.","[[""Hayes Picou"", ""Works_For"", ""Cameron Parish Civil Defense""]]"
"TEXT: The Internal Revenue Service and Manufacturers Hanover Trust Co. of New York , two of the largest creditors in the Herbert Hunt bankruptcy , said they will file a repayment plan by Friday.","[[""Internal Revenue Service"", ""Creditor"", ""Herbert Hunt""]]"
TEXT: The committee reported in July 1979 that Lee Harvey Oswald had shot Kennedy and that neither the Soviet Union nor Cuba nor any U.S. government agency was involved in the killing. ;,"[[""John F. Kennedy"", ""Assassination"", ""1963""]]"
TEXT: Announces Offer to End Strike PA0302025694 Panama City ACAN in Spanish 2153 GMT 2 Feb 94,"[[""Announces Offer to End Strike"", ""Place"", ""Panama City""], [""Announces Offer to End Strike"", ""Date"", ""2 February 1994""], [""Announces Offer to End Strike"", ""Source"", ""ACAN in Spanish""]]"
"TEXT: Other winners are : _ Actress Helen Hayes , 87 , born in Washington , who first appeared on stage at the age of 5 , made her New York debut in 1909 and has played in works of Shakespeare , Tennessee Williams and Eugene O'Neill during her long career as a stage and movie actress.","[[""Helen Hayes"", ""Born"", ""Washington, D.C.""]]"
"TEXT: Bossi set up the Freedom Alliance not because he believed in it , but because he found that it was necessary to do so. ( Minoli ) Do you think that this continual exchange of insults is advantageous to the common cause ? ( Fini ) It is advantageous because whoever listens does not vote for Occhetto ( leader of the Democratic Party of the Left ) .","[[""Bossi"", ""Org"", ""Freedom Alliance""]]"
"TEXT: The law , patterned after similar measures in Michigan and California , gives victims ` ` a maximum opportunity to participate , ' ' said Fran Sepler , executive of the state Crime Victim and Witness Advisory Council.","[[""Fran Sepler"", ""Works_For"", ""Crime Victim and Witness Advisory Council""]]"
"TEXT: Gary Hess , an Emery employee , saw the plane go down as he was getting off work at the airport .","[[""Emery"", ""Employee"", ""Gary Hess""]]"
"TEXT: The six men were found under the rubble in the basement of a nine-story apartment building which had collapsed on them , the official Soviet news agency said in a report from Yerevan , the capital of Armenia .","[[""Yerevan"", ""capital"", ""Armenia""]]"
"TEXT: In 1963 , the year he joined the Herald Tribune , he was riding in the motorcade with President Kennedy when Kennedy was fatally shot by Lee Harvey Oswald in Dallas. ;","[[""Lee Harvey Oswald"", ""Assassination"", ""John F. Kennedy""]]"
"TEXT: ` ` If we 're going to address this problem it will be a grass-roots effort by activists throughout the cities of the world , ' ' said Jeremy Rifkin , director of the Foundation on Economic Trends and a member of the Global Greenhouse Network , a coalition of environmental activists in 35 countries .","[[""Jeremy Rifkin"", ""Works_for"", ""Foundation on Economic Trends""], [""Jeremy Rifkin"", ""is_a_member_of"", ""Global Greenhouse Network""]]"
"TEXT: When he was called to examine Robert F. Kennedy 's assassin , Sirhan Sirhan , a Jordanian residing in the United States , Markman refused .","[[""Robert F. Kennedy"", ""Assassination"", ""Sirhan Sirhan""]]"
TEXT: Tokyo NIHON KEIZAI SHIMBUN,"[[""Tokyo"", ""isPartOf"", ""Japan""]]"
"TEXT: Jeffrey Bander , vice for development of new products at American Express , said the credit card company conducted two different research projects before launching its weather phone.","[[""American Express"", ""product"", Weather Phone]]"
"TEXT: In 1968 , authorities announced the capture in London of James Earl Ray , suspected of the assassination of civil rights leader Dr. Martin Luther King Jr .","[[""1968""], ""Person"", ""Martin Luther King Jr.""], [""1968""], ""Place"", ""London""]]"
"TEXT: James Earl Ray , 60 , is serving 99 years in prison for first-degree murder of King in Memphis on April 4 , 1968 .","[[""James Earl Ray"", ""Sentence"", ""99 years in prison""]]"
"TEXT: ( Excerpts ) US President Bill Clinton 's decision to lift a long-standing trade embargo against Vietnam had been expected. ( passage omitted ) In his White House speech , Clinton said the time for bitterness was over and now was the time for a new beginning between Hanoi and Washington .","[[""Bill Clinton"", ""Office"", ""President of the United States""], [""Bill Clinton"", ""Term"", ""1993-2001""]]"
"TEXT: In Washington , U.S officials announced that the Navy will rotate two aircraft carrier battle groups well away from Libya as one replaces the other .","[[""U.S. officials"", ""location"", ""Washington""]]"
"TEXT: Such theories , which are not alone in the international press , find support in another agreement that was also signed in Geneva -- which the Croatian opposition ostensibly did not notice , to the great surprise and almost astonishment of all , and consequently did not comment on , although the integral text was published in Croatian newspapers -- the agreement signed between Mile Akmadzic , on behalf of the Croatian Republic of Herceg-Bosna , and Nikola Koljevic , on behalf of the Serbian Republic , in which both sides emphasize that "" there are no disputed issues between them that cannot be solved in a peaceful way . ""","[[""Mile Akmadzic"", ""on_behalf_of"", ""Croatian Republic of Herceg-Bosna""], [""Mile Akmadzic"", ""on_behalf_of"", ""Serbian Republic""]]"
"TEXT: Tal , a senior Defense Ministry official , has not repeated these views in public .","[[""Tal"", ""department"", ""Defense Ministry""]]"
"TEXT: Lennon was shot to death Dec. 8 , 1980 , in the courtyard of his New York City apartment building by Mark David Chapman , a former Beatles ' fan who was convicted of the killing and sentenced to prison for a term of 20 years to life .","[[""John Lennon"", ""assassinater"", ""Mark David Chapman""]]"
"TEXT: In 1890 , the 34th President of the United States , Dwight D. Eisenhower , was born in Denison , Texas .","[[""Dwight D. Eisenhower"", ""Born"", 1890]]"
"TEXT: By contrast , nearly 6 million square feet of downtown office space is newly completed , under construction or has received city permits , said Virginia Galle , a City Council member and CAP supporter .","[[""Virginia Galle"", ""Office_Space"", ""6 million square feet""]]"
TEXT: Harrington taught at Harvard University and the National War College.,"[[""William Harrington"", ""Education"", ""Harvard University""], [""William Harrington"", ""Education"", ""National War College""]]"
"TEXT: The federal appeals court threw out the death sentence of John Harvey Adamson , convicted of murdering Phoenix newspaper reporter Don Bolles in 1976 .","[[""Don Bolles"", ""Killed"", ""John Harvey Adamson""]]"
"TEXT: Fred Farrar , another FAA spokesman , said airlines flying the 737-300s are Aloha , America West , American , Continental , Delta , Orion , Piedmont , Southwest , United and U.S. Air .","[[""737-300"", ""Owner"", ""American Airlines""]]"
"TEXT: The trud newspaper features the last part of the memoirs by former commander of the Soviet Navy Nikolai Kuznetsov who personally knew Stalin , under the headline "" Stalin 's Death . ""","[[""Nikolai Kuznetsov"", ""Worked_for"", ""Soviet Navy""]]"
TEXT: National Congress President Vinicio Villar Anleu commented on the implications of the case : ( Begin recording ) ( Villar Anleu ) It seems to us -- and we uphold Congress ' institutional policy -- that the nation 's laws must be respected and that the Constitution must be respected .,"[[""Vinicio Villar Anleu"", ""Office"", ""President of the National Congress""]]"
"TEXT: Several organizations planned remembrances later today at Parkland Memorial Hospital , where Kennedy was taken after being shot , and the Texas Theater , where Lee Harvey Oswald was arrested hours after the assassination .","[[""Parkland Memorial Hospital"", ""located_in"", ""Dallas""], [""Parkland Memorial Hospital"", ""located_in"", ""Texas Theater""]]"
TEXT: Ambassador Miller is also scheduled to meet with Crimean Deputy Yevhen Saburov and Black Sea Fleet Commander Eduard Baltin.,"[[""Yevhen Saburov"", ""Officer"", ""Black Sea Fleet Commander""]]"
"TEXT: ` ` I think the longer they talk , the longer they delay , the greater the chances that we may turn this around and get them all home , ' ' said Ms. Say in Nashville , Tenn.","[[""Ms. Say"", ""Said"", ""in Nashville, Tenn.""]]"
TEXT: A chart used to decipher the code was found among Booth 's effects after he was shot by Union soldiers 11 days after the assassination of Lincoln .,"[[""Booth"", ""Killed_By"", ""Union soldiers""]]"
"TEXT: ( Text ) Taipei , Jan. 20 ( CNA ) -- Foreign Chien Fu will leave for the United States on January 29 to give two speeches in the Boston area .","[[""Chien Fu"", ""Speaker"", ""Chien Fu""]]"
"TEXT: ` ` ` Ryan 's Hope ' has not been rejected by the audience , it has simply been unavailable to viewers , ' ' Jo Ann Emmerich , vice president of daytime programs for ABC Entertainment , said at the time .","[[""Ryan's Hope"", ""Show_Sponsored_By"", ABC Entertainment]]"
"TEXT: On this date : In 1843 , the 25th President of the United States , William McKinley , was born in Niles , Ohio .","[[""William McKinley"", ""Birth_Place"", ""Niles, Ohio""]]"
TEXT: Moscow MOSKOVSKIY KOMSOMOLETS,"[[""Moscow""], ""Club"", ""Moskovsky Komsomolets""]]"
"TEXT: In 1874 , Herbert Clark Hoover , the 31st president of the United States , was born in West Branch , Iowa .","[[""Herbert Clark Hoover"", ""Birth_Place"", ""West Branch, Iowa""]]"
"TEXT: Many had hoped their loyality would convince the banks , primarily the Frankfurt-based Commerzbank and Giessen 's Bezirksparkasse bank , to continue to help Minox , but the hope backfired on those who were layed off , he said .","[[""Minox"", ""Bank"", ""Bergisches Bezirksparkasse""]]"
"TEXT: An abstract theory explaining the structure of minimal surface in Riemann 's multi-dimensional space has been developed by Wang Guangyan , with the assistance of his PhD student , at the Institute of Mathematics .","[[""Riemann's multi-dimensional space"", ""theory"", ""Abstract theory""], [""Riemann's multi-dimensional space"", ""structure"", ""Minimal surface""], [""Wang Guangyan"", ""worked_for"", ""Institute of Mathematics""]]"
"TEXT: Owen Le Vallee , president of the Liberation Day Committee , said his mother found a starving German in the outhouse during the year after D-Day , the 1944 Allied invasion of Europe.","[[""Owen Le Vallee"", ""Mother"", ""Owen Le Vallee""]]"
"TEXT: KARBALA , Iraq ( AP )","[[""Karbala"", ""is_part_of"", Iraq]]"
"TEXT: Another beacon of the better life is Prateep Ungsongtham , known as the ` ` Slum Angel of Bangkok. ' '","[[""Prateep Ungsongtham"", ""Known_as"", ""Slum Angel of Bangkok""]]"
"TEXT: ( Text ) In an interview with Interfax the chief of Belarus 's Security Committee , Eduard Shirkovskiy , has dismissed rumors that the copies of the files relating to Lee Harvey Oswald , who was charged with having assassinated President John Kennedy , will be handed to President Bill Clinton during his visit to Minsk .","[[""Interfax"", ""Person"", ""Eduard Shirkovskiy""]]"
"TEXT: Michael Henley Jr. , 10 , disappeared on a turkey hunt with his father in April 1988 in the mountains near their hometown of Grants , N.M. Ms. Calico , then 19 , disappeared five months later while bicycling on a country road near her hometown of Belen , N.M.","[[""Michael Henley Jr."", ""Date_of_Death"", ""1988-04-26""], [""Michael Henley Jr."", ""Hometown"", ""Grants, N.M.""], [""Michael Henley Jr."", ""Date_of_Death"", ""1988-04-26""], [""Michael Henley Jr."", ""Cause"", ""Disappearance""]]"
TEXT: ( Text ) Moscow April 25 TASS -- Preliminary marine pollution measurements taken from the sites of radioactive waste dumping by the former Soviet Union and Japan in the Sea of Japan did not reveal any Caesium-137 radioactive level fluctuations .,"[[""Moscow"", ""is_part_of"", ""Russia""]]"
"TEXT: Police arrested 10 Spanish Basque militants , including Jose Antonio Urutigoechea , considered by Madrid to be a top leader of the Spanish Basque separatist organization ETA , authorities said today .","[[""ETA"", ""Top_Leader"", ""Jose Antonio Urutigoechea""]]"
"TEXT: The Warren Commission concluded that Oswald , acting alone , fired the shots that killed Kennedy and wounded John Connally , then the Texas governor .","[[""John Connally"", ""Killed"", ""John F. Kennedy""]]"
"TEXT: The advisory committee voted 7-1 to recommend that the drug remain a prescription ingredient , said Susan Cruzan , an FDA spokeswoman.","[[""Susan Cruzan"", ""Works_For"", ""FDA""]]"
"TEXT: ` ` It 's been a nightmare , ' ' said Shelley Yeager , director of the Clara Barton camp at Oxford in central Massachusetts.","[[""Shelly Yeager"", ""Works_for"", ""Clara Barton Camp""]]"
"TEXT: And William McKinley 's assassin Leon Czolgosz croons "" The Ballad of Czolgosz "" from the electric chair .","[[""The Ballad of Czolgosz"", ""Singer"", Leon Czolgosz]]"
TEXT: Yeltsin Orders Audit of Ostankino Finances MK1401103094 Moscow MOSKOVSKIY KOMSOMOLETS in Russian 14 Jan 94 p 1,"[[""Moscow Moskovskiy Kommunalete"", ""language"", ""Russian""], [""Moscow Moskovskiy Kommunalete"", ""date"", ""1994-01-14""]]"
"TEXT: ` ` We are constantly getting confirmation that the U.S. economy is no longer in a boom phase , and that interest rates are falling , ' ' said a dealer at a U.S. bank in Frankfurt , West Germany.","[[""We are constantly getting confirmation that the U.S. economy is no longer in a boom phase, and that interest rates are falling,"", ""We are constantly getting confirmation that the U.S. economy is no longer in a boom phase, and that interest rates are falling,"", ""We are constantly getting confirmation that the U.S. economy is no longer in a boom phase, and that interest rates are falling,"", ""We are constantly getting confirmation that the U.S. economy is no longer in a boom phase, and that interest rates are falling,""]]"
"TEXT: In 1969 , Sirhan Sirhan was convicted of assassinating U.S. Sen. Robert F. Kennedy .","[[""Robert F. Kennedy"", ""Assassination"", ""1969""]]"
"TEXT: Jesse Jackson easily won the Democratic precinct caucuses Saturday in his native South Carolina , while Sen. Bob Dole went on Illinois television for a half-hour plea for Republican votes in a state where he said he is the underdog .","[[""Jesse Jackson"", ""Native_Place"", South Carolina]]"
TEXT: MEXICO CITY ( AP ),"[[""AP"", ""Newspaper"", ""Mexico City Herald""]]"
"TEXT: Temperatures around the nation at 2 a.m. EST ranged from 2 degrees at Jackson , Wyo. , and Gunnison , Colo. , to 89 degrees at McAllen , Texas .","[[""Jackson"", ""Wyoming"", ""temperature""], [""Jackson"", ""Colorado"", ""temperature""], [""Jackson"", ""Texas"", ""temperature""], [""Jackson"", ""Colorado"", ""name""], [""Jackson"", ""Wyoming"", ""state""], [""Jackson"", ""Wyoming"", ""city""], [""Jackson"", ""Wyoming"", ""zipcode""], [""Jackson"", ""Wyoming"", ""country""], [""Jackson"", ""Wyoming"", ""city""], [""Jackson"", ""Wyoming"", ""zipcode""], [""Jackson"", ""Wyoming"", ""state""], [""Jackson"", ""Wyoming"
"TEXT: ` ` We certainly believe it 's a prudent measure to go out and check to make sure there 's nothing wrong with the fleet , ' ' Boeing Commercial Airplanes spokesman Craig Martin said Wednesday in Seattle .","[[""Craig Martin"", ""Works_For"", Boeing Commercial Airplanes]]"
TEXT: As Rochester teacher union leader Adam Urbanski put it : ` ` We have set the table ; we have not served the meal yet. ' ',"[[""Adam Urbanski"", ""Place"", Rochester]]"
TEXT: Tokyo MAINICHI SHIMBUN,"[[""Mainichi Shimbun"", ""City"", ""Tokyo""]]"
"TEXT: If the elections had been held during the last 10 days of May , that is , after the debate , Fernandez de Cevallos would reportedly be the next president of Mexico with 33.2 percent of the vote .","[[""Fernandez de Cevallos"", ""Percentage"", ""33.2""]]"
TEXT: Authorities say Oswald opened fire from a sixth-floor window there into Kennedy 's motorcade .,"[[""Los Angeles"", ""City_State"", ""California""], [""Los Angeles"", ""City"", ""Los Angeles""], [""Los Angeles"", ""City"", ""Los Angeles""], [""Los Angeles"", ""City"", ""Los Angeles""], [""Los Angeles"", ""City"", ""Los Angeles""], [""Los Angeles"", ""City"", ""Los Angeles""], [""Los Angeles"", ""City"", ""Los Angeles""], [""Los Angeles"", ""City"", ""Los Angeles""], [""Los Angeles"", ""City"", ""Los Angeles""], [""Los Angeles"", ""City"", ""Los Angeles""], [""Los Angeles"", ""City"", ""L"
"TEXT: Meanwhile , the historical society in Beaumont , Texas , Richardson 's hometown , plans to raise two statues on Feb. 3 _ one of Buddy Holly , Richardson and Valens , and a second of the Big Bopper alone .","[[""Big Bopper"", ""Death_Place"", ""Beaumont, Texas""]]"
"TEXT: At a briefing at NRC headquarters in nearby Rockville , Md. , Bernero said the volcanic cones in the area of Yucca Mountain have been a cause of concern for NRC experts.","[[""Rockville"", ""is_part_of"", ""Maryland""]]"
"TEXT: ( Text ) Saint-Gall , Switzerland , Feb 2 ( AFP ) -- The wreck of a twin-engine aircraft has been found 160 metres below the surface of Lake Constance , Swiss police said Tuesday ( 1 February ) .","[[""Lake Constance"", ""Number_Of_Passengers"", ""2""]]"
"TEXT: According to the communique , clashes are continuing mainly in the Rancho Nuevo area at the military base in the southern Chiapas State .","[[""Rancho Nuevo"", ""Location"", ""Mexico""]]"
"TEXT: Dallas police arrested Oswald there on Nov. 22 , 1963 , after the assassination of President John F. Kennedy .","[[""Nov. 22"", ""Year"", 1963]]"
"TEXT: In Washington state , near the Canadian border , firefighters hoped to contain an 850-acre fire by tonight , said Greg Thayer of the Forest Service.","[[""Greg Thayer"", ""Worked_For"", ""Forest Service""]]"
"TEXT: In an "" electoral communique "" signed by CNTP Secretary Luis Cobos R. , the organization said it hopes that with this decision "" we will achieve the return of the Torrijist forces to power to stimulate the process of national liberation . ""","[[""CNTP"", ""Secretary"", ""Luis Cobos R.""]]"
"TEXT: In it , actor Edwin Booth tells us his version of his life story , in which he and not his brother John Wilkes shoots Abraham Lincoln at Ford 's Theater .","[[""Edwin Booth"", ""Brother"", ""John Wilkes Booth""]]"
"TEXT: In 1801 , Mormon leader Brigham Young was born in Whitingham , Vt .","[[""Brigham Young"", ""Born"", ""1801""], [""Brigham Young"", ""Born"", ""Whitingham, Vermont""]]"
"TEXT: The Warren Commission concluded that Lee Harvey Oswald , acting alone , fired the shots that killed Kennedy and wounded John Connally , then the Texas governor , on Nov. 22 , 1963 in Dallas .","[[""John Connally"", ""Killed"", ""John F. Kennedy""]]"
"TEXT: The spilled fuel covered an area two miles long and nearly a half-mile wide , said Whitefish City Attorney Tom Muri.","[[""Whitefish City Attorney Tom Muri"", ""Said"", ""The spilled fuel covered an area two miles long and nearly a half-mile wide""]]"
"TEXT: In California 's Sierra Nevada foothills , firefighters today declared they had contained a fire that blackened 11 , 700 acres of brush and grassland and destroyed seven homes.","[[""11,700 acres"", ""Total_acres"", ""11,700""], [""11,700 acres"", ""Location"", ""Sierra Nevada foothills""]]"
"TEXT: "" I was hearing the same story , "" says James Hackett , an executive with Titan Systems and one of the leading missile experts in the U.S .","[[""James Hackett"", ""Works_For"", ""Titan Systems""]]"
"TEXT: The quake leveled much of Leninakan , Armenia 's second-largest city 10 miles east of the Turkish border and left thousands homeless .","[[""Leninakan"", ""is_part_of"", ""Armenia""]]"
TEXT: Pittsburgh-Corning Corp. of Pittsburgh ;,"[[""Pittsburgh-Corning Corp."", ""City,"", ""Pittsburgh""]]"
"TEXT: Barrett is a member of the Illinois Commerce Commission , and Marshall is a lawyer and former legislative aide to Patrick.","[[""Barrett Marshall"", ""Office"", ""Member of the Illinois Commerce Commission""]]"
"TEXT: During my recent tour , I met with Sultan Qabus Bin-Sa 'id of Oman .","[[""Sultan Qabus Bin-Sa'id of Oman"", ""Title""]]"
"TEXT: Ten years ago : James Earl Ray , convicted of assassinating Dr. Martin Luther King Jr. in 1968 , repeated his assertion at a Capitol Hill hearing that he did not commit the crime , saying he 'd been set up to take the blame by a mysterious man called Raoul .","[[""James Earl Ray"", ""Assassinates"", ""Martin Luther King Jr.""]]"
TEXT: They will also be cleaning the car Oswald drove on the day Kennedy was shot and the ambulance that took Oswald to hospital after he was shot by Jack Ruby .,"[[""Jack Ruby"", ""killed"", ""Leonid D. Kennedy""]]"
"TEXT: Widespread street flooding was reported throughout Brazoria , Fort Bend , Galveston and southern Harris Counties in southeast Texas.","[[""Widespread street flooding was reported throughout Brazoria , Fort Bend , Galveston and southern Harris Counties in southeast Texas""]]"
TEXT: LD2804174994 Moscow INTERFAX in English 1601 GMT 28 Apr 94,"[[""LD2804174994"", ""language"", ""English""], [""LD2804174994"", ""date"", ""1994-04-28""]]"
"TEXT: Navy sources said the Coral Sea , on duty with the 6th Fleet in the Mediterranean , left ` ` a few hours ' ' ahead of its scheduled departure.","[[""USS Coral Sea"", ""on_duty_with"", ""6th Fleet""]]"
"TEXT: It is one of many deep below the arid surface , fed by underground channels that carry rainwater from the Najd plateau in northern Saudi Arabia to the west.","[[""Saudi Arabia""], ""Location"", ""northern Saudi Arabia""]]"
